Library Source,Added,Title,Title Short,Series,Book Numbers,Blurb,Authors,Narrators,Tags,Categories,Parent Category,Child Category,Length,Progress,Release Date,Publishers,My Rating,Rating,Ratings,Favorite,Format,Language,Whispersync,From Plus Catalog,Unavailable,Archived,Downloaded,Store Page Changed,Store Page Missing,ASIN,ISBN10,ISBN13,Summary,People Also Bought,Store Page Url,Sample,Web Player,Cover,Search In Goodreads,Collection Ids,Subtitle,Podcast Parent,Is New
Main,358,The Truth and Other Stories,The Truth and Other Stories,,,"Of these twelve short stories by science fiction master Stanislaw Lem, only three have previously appeared in English, making this the first “new” book of fiction by Lem since the late 1980s. The stories display the full range of Lem’s intense curiosity about scientific ideas as well as...",Stanislaw Lem,David Aaron Baker,,,,,14h 11m,,,,,,,,,,,,,,,,true,B09PM8FN77,,,,,https://audible.com/pd/B09PM8FN77?ipRedirectOverride=true&overrideBaseCountry=true,,https://www.audible.com/webplayer?asin=B09PM8FN77,https://m.media-amazon.com/images/I/51W4zPwolJL._SL500_.jpg,https://www.goodreads.com/search?q=Stanislaw%20Lem%20-%20The%20Truth%20and%20Other%20Stories,,,,true
Main,357,The Emperor of Gladness: A Novel,The Emperor of Gladness: A Novel,,,"An Audie Award finalist The instant New York Times bestseller Oprah’s Book Club Pick Named a Best Book of 2025 by TIME, The New Yorker, Harper's Bazaar, USA Today, NPR, People, Christian Science Monitor, Scientific American, and Kirkus Reviews A 2026 Andrew Carnegie Medal for...",Ocean Vuong,James Aaron Oh,,,,,14h 5m,,,,,,,,,,,,,,,,true,B0DJDMKYM1,,,,,https://audible.com/pd/B0DJDMKYM1?ipRedirectOverride=true&overrideBaseCountry=true,,https://www.audible.com/webplayer?asin=B0DJDMKYM1,https://m.media-amazon.com/images/I/41ztHCEycpL._SL500_.jpg,https://www.goodreads.com/search?q=Ocean%20Vuong%20-%20The%20Emperor%20of%20Gladness%3A%20A%20Novel,,,,true
Main,356,Transformer: The Deep Chemistry of Life and Death,Transformer: The Deep Chemistry of Life and Death,,,"For decades, biology has been dominated by the study of genetic information. Information is important, but it is only part of what makes us alive. Our inheritance also includes our living metabolic network, a flame passed from generation to generation, right back to the origin of life. In...",Nick Lane,Richard Trinder,,,,,,7h 51m left,,,,,,,,,,,,,,,true,B0B52FXYTF,,,,,https://audible.com/pd/B0B52FXYTF?ipRedirectOverride=true&overrideBaseCountry=true,,https://www.audible.com/webplayer?asin=B0B52FXYTF,https://m.media-amazon.com/images/I/51zGVw9GEdL._SL500_.jpg,https://www.goodreads.com/search?q=Nick%20Lane%20-%20Transformer%3A%20The%20Deep%20Chemistry%20of%20Life%20and%20Death,,,,true
Main,355,Istanbul: Memories of a City,Istanbul: Memories of a City,,,"Istanbul is a shimmering evocation, by turns intimate and panoramic, of one of the world's great cities, by its foremost writer. Orhan Pamuk, winner of the Nobel Prize in 2006, was born in Istanbul, in the family apartment building where his mother first held him in her arms. His portrait of his...","Orhan Pamuk, Maureen Freely",John Lee,,,,,9h 46m,,,,,,,,,,,,,,,,true,B00EDRW1QW,,,,,https://audible.com/pd/B00EDRW1QW?ipRedirectOverride=true&overrideBaseCountry=true,,https://www.audible.com/webplayer?asin=B00EDRW1QW,https://m.media-amazon.com/images/I/61uhfqUmWEL._SL500_.jpg,https://www.goodreads.com/search?q=Orhan%20Pamuk%20-%20Istanbul%3A%20Memories%20of%20a%20City,,,,true
Main,354,The Idiot,The Idiot,Idiot (book 1),1,"Finalist for the Pulitzer Prize for Fiction A New York Times Book Review Notable Book Nominated for the Women's Prize for Fiction “Easily the funniest book I’ve read this year.” —GQ “Masterly funny debut novel . . . Erudite but never pretentious, The Idiot will make you...",Elif Batuman,Elif Batuman,,,,,,10h 47m left,,,,,,,,,,,,,,,true,B01MUWM2DY,,,,,https://audible.com/pd/B01MUWM2DY?ipRedirectOverride=true&overrideBaseCountry=true,,https://www.audible.com/webplayer?asin=B01MUWM2DY,https://m.media-amazon.com/images/I/41qo2CqVCCL._SL500_.jpg,https://www.goodreads.com/search?q=Elif%20Batuman%20-%20The%20Idiot,,,,true
Main,353,"The Road to Wisdom: On Truth, Science, Faith, and Trust","The Road to Wisdom: On Truth, Science, Faith, and Trust",,,"From “national treasure” Francis Collins (Philip Yancey), the New York Times bestselling author of The Language of God and former director of the National Institutes of Health, comes a deeply thoughtful guidebook to get us beyond societal divisions and back to the sources of wisdom—""the...",Francis S. Collins,Francis S. Collins,,,,,,8h 57m left,,,,,,,,,,,,,,,true,B0CV26DTQH,,,,,https://audible.com/pd/B0CV26DTQH?ipRedirectOverride=true&overrideBaseCountry=true,,https://www.audible.com/webplayer?asin=B0CV26DTQH,https://m.media-amazon.com/images/I/41n58iDtptL._SL500_.jpg,https://www.goodreads.com/search?q=Francis%20S.%20Collins%20-%20The%20Road%20to%20Wisdom%3A%20On%20Truth%2C%20Science%2C%20Faith%2C%20and%20Trust,,,,true
Main,352,The Sense of Wonder,The Sense of Wonder,,,"""If a child is to keep alive his inborn sense of wonder, he needs the companionship of at least one adult who can share it, rediscovering with him the joy, excitement and mystery of the world we live in."" -Rachel Carson First published more than 50 years ago, this award-winning classic brings...",Rachel Carson,Kaiulani Lee,,,,,,Finished,,,,,,,,,,,,,,,true,B002V0Q9O8,,,,,https://audible.com/pd/B002V0Q9O8?ipRedirectOverride=true&overrideBaseCountry=true,,https://www.audible.com/webplayer?asin=B002V0Q9O8,https://m.media-amazon.com/images/I/412uUdBmHEL._SL500_.jpg,https://www.goodreads.com/search?q=Rachel%20Carson%20-%20The%20Sense%20of%20Wonder,__AYCL,,,true
Main,351,Sense of Wonder Audiobook by Rachel Carson,Sense of Wonder Audiobook by Rachel Carson,,,Listen to this audiobook in full for free on https://esound.space ID: 628453 Title: Sense of Wonder Author: Rachel Carson Narrator: Kaiulani Lee ...,,,,,,,,23m left,,,,,,,Podcast,,,true,,,,,true,B0FH5HCLP8,,,,,https://audible.com/pd/B0FH5HCLP8?ipRedirectOverride=true&overrideBaseCountry=true,,https://www.audible.com/webplayer?asin=B0FH5HCLP8,https://m.media-amazon.com/images/I/41IgKhc141L._SL500_.jpg,https://www.goodreads.com/search?q=Sense%20of%20Wonder%20Audiobook%20by%20Rachel%20Carson,,,,true
Main,350,The Word for World Is Forest,The Word for World Is Forest,The Hainish Cycle (book 6),6,"When the inhabitants of a peaceful world are conquered by the bloodthirsty yumens, their existence is irrevocably altered. Forced into servitude, the Athsheans find themselves at the mercy of their brutal masters. Desperation causes the Athsheans, led by Selver, to retaliate against their...",Ursula K. Le Guin,John Skelley,,,,,,4h 12m left,,,,,,,,,,,,,,,true,B0CMZ17B99,,,,,https://audible.com/pd/B0CMZ17B99?ipRedirectOverride=true&overrideBaseCountry=true,,https://www.audible.com/webplayer?asin=B0CMZ17B99,https://m.media-amazon.com/images/I/51zt7y1s8ML._SL500_.jpg,https://www.goodreads.com/search?q=Ursula%20K.%20Le%20Guin%20-%20The%20Word%20for%20World%20Is%20Forest,,,,true
Main,349,The Voyage of the Beagle,The Voyage of the Beagle,,,"I hate every wave of the ocean', the seasick Charles Darwin wrote to his family during his five-year voyage on the H.M.S. Beagle....",Charles Darwin,Barnaby Edwards,,,,,25h 17m,,,,,,,,,,,true,,,,,true,B00C7S8TGA,,,,,https://audible.com/pd/B00C7S8TGA?ipRedirectOverride=true&overrideBaseCountry=true,,https://www.audible.com/webplayer?asin=B00C7S8TGA,https://m.media-amazon.com/images/I/51DcTUttl1L._SL500_.jpg,https://www.goodreads.com/search?q=Charles%20Darwin%20-%20The%20Voyage%20of%20the%20Beagle,__AYCL,,,true
Main,348,Impossible Views of the World,Impossible Views of the World,,,"A witty, urbane, and sometimes shocking debut novel, set in a hallowed New York museum, in which a co-worker's disappearance and a mysterious map change a life forever Stella Krakus, a curator at Manhattan's renowned Central Museum of Art, is having the roughest week in approximately ever. Her...",Lucy Ives,Cassandra Campbell,,,,,9h 3m,,,,,,,,,,,,,,,,true,B0733VXTK3,,,,,https://audible.com/pd/B0733VXTK3?ipRedirectOverride=true&overrideBaseCountry=true,,https://www.audible.com/webplayer?asin=B0733VXTK3,https://m.media-amazon.com/images/I/41Hz73EISZL._SL500_.jpg,https://www.goodreads.com/search?q=Lucy%20Ives%20-%20Impossible%20Views%20of%20the%20World,,,,true
Main,347,The Iliad,The Iliad,,,The Illiad dates back to the 8th century BC and is Homer's epic precursor to The Odyssey....,"Homer, Edward Earl of Derby - translator",Dikran Tulaine,,,,,15h 26m,,,,,,,,,,,true,,,,,true,B007F0MYY8,,,,,https://audible.com/pd/B007F0MYY8?ipRedirectOverride=true&overrideBaseCountry=true,,https://www.audible.com/webplayer?asin=B007F0MYY8,https://m.media-amazon.com/images/I/41lC7wvzOoL._SL500_.jpg,https://www.goodreads.com/search?q=Homer%20-%20The%20Iliad,__AYCL,,,true
Main,346,"When Everyone Knows That Everyone Knows . . .: Common Knowledge and the Mysteries of Money, Power, and Everyday Life","When Everyone Knows That Everyone Knows . . .: Common Knowledge and the Mysteries of Money, Power, and Everyday Life",,,"From one of the world’s most celebrated intellectuals, a “fascinating” (Financial Times), brilliantly insightful work that explains how we think about each other’s thoughts about each other’s thoughts, ad infinitum. It sounds impossible, but Steven Pinker shows that we do it all the...",Steven Pinker,Fred Sanders,,,,,,8h 50m left,,,,,,,,,,,,,,,true,B0DVH68VCL,,,,,https://audible.com/pd/B0DVH68VCL?ipRedirectOverride=true&overrideBaseCountry=true,,https://www.audible.com/webplayer?asin=B0DVH68VCL,https://m.media-amazon.com/images/I/51QxSTUsu2L._SL500_.jpg,https://www.goodreads.com/search?q=Steven%20Pinker%20-%20When%20Everyone%20Knows%20That%20Everyone%20Knows%20.%20.%20.%3A%20Common%20Knowledge%20and%20the%20Mysteries%20of%20Money%2C%20Power%2C%20and%20Everyday%20Life,,,,true
Main,345,"80,000 Hours: How to Have a Fulfilling Career That Does Good","80,000 Hours: How to Have a Fulfilling Career That Does Good",,,"NATIONAL BESTSELLER A ridiculously in-depth guide to finding a fulfilling, AI-proof career ""This career guide is among the most thoughtful and grounded I've seen.""—Cal Newport, New York Times bestselling author of Slow Productivity You have about 80,000 hours in your career: 40 hours a...",Benjamin Todd,Benjamin Todd,,,,,6h 53m,,,,,,,,,,,,,,,,true,B0GT8B34JC,,,,,https://audible.com/pd/B0GT8B34JC?ipRedirectOverride=true&overrideBaseCountry=true,,https://www.audible.com/webplayer?asin=B0GT8B34JC,https://m.media-amazon.com/images/I/41bQbaEsTQL._SL500_.jpg,https://www.goodreads.com/search?q=Benjamin%20Todd%20-%2080%2C000%20Hours%3A%20How%20to%20Have%20a%20Fulfilling%20Career%20That%20Does%20Good,,,,true
Main,344,Love in the Time of Cholera,Love in the Time of Cholera,,,"Audie Award Finalist, Classic, 2014 From the Nobel Prize-winning author of One Hundred Years of Solitude comes a masterly evocation of an unrequited passion so strong that it binds two people's lives together for more than half a century. In their youth, Florentino Ariza and Fermina Daza fall...",Gabriel García Márquez,Armando Durán,,,,,,10h 2m left,,,,,,,,,,,,,,,true,B00EFB9FQK,,,,,https://audible.com/pd/B00EFB9FQK?ipRedirectOverride=true&overrideBaseCountry=true,,https://www.audible.com/webplayer?asin=B00EFB9FQK,https://m.media-amazon.com/images/I/41ylXjZUQYL._SL500_.jpg,https://www.goodreads.com/search?q=Gabriel%20Garc%C3%ADa%20M%C3%A1rquez%20-%20Love%20in%20the%20Time%20of%20Cholera,,,,true
Main,343,Growth of the Soil,Growth of the Soil,,,"Growth of the Soil, Hamsun's Nobel Prize winning novel, is a classic of Scandinavian literature. The farmer Isak scarcely acknowledges the values of modern living. Illiterate but capable of carrying out the business of running a farm, he has physical strength and works with his hands. Although...","Knut Hamsun, Sverre Lyngstad - translator, Brad Leithauser - introduction",BJ Harrison,,,,,,11h 9m left,,,,,,,,,,,,,,,true,1705247164,,,,,https://audible.com/pd/1705247164?ipRedirectOverride=true&overrideBaseCountry=true,,https://www.audible.com/webplayer?asin=1705247164,https://m.media-amazon.com/images/I/61OQtGr+frL._SL500_.jpg,https://www.goodreads.com/search?q=Knut%20Hamsun%20-%20Growth%20of%20the%20Soil,,,,true
Main,342,"History of Scandinavia: A Captivating Guide to the History of Sweden, Norway, Denmark, Iceland, and Finland","History of Scandinavia: A Captivating Guide to the History of Sweden, Norway, Denmark, Iceland, and Finland",,,Norway is a unique country located on the fringes of Europe. Its climate and geographical position determined the lifestyle of the people inhabiting it. It was never an easy life....,Captivating History,Jason Zenobia,,,,,,17h 21m left,,,,,,,,,,,,,,,true,B0CLX1JDCB,,,,,https://audible.com/pd/B0CLX1JDCB?ipRedirectOverride=true&overrideBaseCountry=true,,https://www.audible.com/webplayer?asin=B0CLX1JDCB,https://m.media-amazon.com/images/I/51yjdddUnRL._SL500_.jpg,https://www.goodreads.com/search?q=Captivating%20History%20-%20History%20of%20Scandinavia%3A%20A%20Captivating%20Guide%20to%20the%20History%20of%20Sweden%2C%20Norway%2C%20Denmark%2C%20Iceland%2C%20and%20Finland,,,,true
Main,341,Into the Wood Chipper: A Whistleblower's Account of How the Trump Administration Shredded USAID,Into the Wood Chipper: A Whistleblower's Account of How the Trump Administration Shredded USAID,,,"NEW YORK TIMES BESTSELLER “Propulsive…When the full history of this moment is ready to be written, Into the Wood Chipper will be a vivid source.” —The New York Times “A gripping page-turner that doubles as both a warning and an inspiration.” —Samantha Power, Pulitzer...","Nicholas Enrich, Atul Gawande - introduction",Nicholas Enrich,,,,,,4h 28m left,,,,,,,,,,,,,,,true,B0G6XWJ4KT,,,,,https://audible.com/pd/B0G6XWJ4KT?ipRedirectOverride=true&overrideBaseCountry=true,,https://www.audible.com/webplayer?asin=B0G6XWJ4KT,https://m.media-amazon.com/images/I/41IX-3DH6DL._SL500_.jpg,https://www.goodreads.com/search?q=Nicholas%20Enrich%20-%20Into%20the%20Wood%20Chipper%3A%20A%20Whistleblower's%20Account%20of%20How%20the%20Trump%20Administration%20Shredded%20USAID,,,,true
Main,340,The Invincible,The Invincible,,,"A space cruiser, in search of its sister ship, encounters beings descended from self-replicating machines. In the grand tradition of H. G. Wells and Jules Verne, Stanislaw Lem's The Invincible tells the story of a space cruiser sent to an obscure planet to determine the fate of a sister...",Stanisław Lem,Nick Sullivan,,,,,,6h 45m left,,,,,,,,,,,,,,,true,B0F5JN9QJ3,,,,,https://audible.com/pd/B0F5JN9QJ3?ipRedirectOverride=true&overrideBaseCountry=true,,https://www.audible.com/webplayer?asin=B0F5JN9QJ3,https://m.media-amazon.com/images/I/51VEf+R5vaL._SL500_.jpg,https://www.goodreads.com/search?q=Stanis%C5%82aw%20Lem%20-%20The%20Invincible,,,,true
Main,339,The Mattering Instinct: How Our Deepest Longing Drives Us and Divides Us,The Mattering Instinct: How Our Deepest Longing Drives Us and Divides Us,,,"MacArthur Fellow and National Humanities Medalist Rebecca Newberger Goldstein, author of Plato at the Googleplex and The Mind-Body Problem, returns with a revelatory book about the primal drive that in our species alone has been transformed into one of our most persistent and universal...",Rebecca Newberger Goldstein,Rebecca Kaser,,,,,9h 15m,,,,,,,,,,,,,,,,true,B0FVBC49CX,,,,,https://audible.com/pd/B0FVBC49CX?ipRedirectOverride=true&overrideBaseCountry=true,,https://www.audible.com/webplayer?asin=B0FVBC49CX,https://m.media-amazon.com/images/I/51hMHchSbyL._SL500_.jpg,https://www.goodreads.com/search?q=Rebecca%20Newberger%20Goldstein%20-%20The%20Mattering%20Instinct%3A%20How%20Our%20Deepest%20Longing%20Drives%20Us%20and%20Divides%20Us,,,,true
Main,338,The Diving Bell and the Butterfly: A Memoir of Life in Death,The Diving Bell and the Butterfly: A Memoir of Life in Death,,,"In 1995, Jean-Dominique Bauby was the editor-in-chief of French Elle, the father of two young childen, a 44-year-old man known and loved for his wit, his style, and his impassioned approach to life. By the end of the year he was also the victim of a rare kind of stroke to the brainstem. After 20...",Jean-Dominique Bauby,René Auberjonois,,,,,,30m left,,,,,,,,,,,,,,,true,B002V8MDFO,,,,,https://audible.com/pd/B002V8MDFO?ipRedirectOverride=true&overrideBaseCountry=true,,https://www.audible.com/webplayer?asin=B002V8MDFO,https://m.media-amazon.com/images/I/51tQ2T9YjOL._SL500_.jpg,https://www.goodreads.com/search?q=Jean-Dominique%20Bauby%20-%20The%20Diving%20Bell%20and%20the%20Butterfly%3A%20A%20Memoir%20of%20Life%20in%20Death,,,,true
Main,337,Dept. of Speculation,Dept. of Speculation,,,"Dept. of Speculation is a portrait of a marriage. It is also a beguiling rumination on the mysteries of intimacy, trust, faith, knowledge, and the condition of universal shipwreck that unites us all. Jenny Offill’s heroine, referred to in these pages as simply “the wife,” once exchanged...",Jenny Offill,Jenny Offill,,,,,,1h 53m left,,,,,,,,,,,,,,,true,B09J1NR5SK,,,,,https://audible.com/pd/B09J1NR5SK?ipRedirectOverride=true&overrideBaseCountry=true,,https://www.audible.com/webplayer?asin=B09J1NR5SK,https://m.media-amazon.com/images/I/51TQEoHwbiL._SL500_.jpg,https://www.goodreads.com/search?q=Jenny%20Offill%20-%20Dept.%20of%20Speculation,,,,true
Main,336,Thirteen: The Apollo Flight that Failed,Thirteen: The Apollo Flight that Failed,,,"On the evening of April 13, 1970, the three astronauts aboard Apollo 13 were just hours from the third lunar landing in history. But as they soared through space, 200,000 miles from Earth, an explosion badly damaged their spacecraft. With compromised engines and failing life-support systems, the...",Henry S. F. Cooper Jr.,Christopher David,,,,,,4h 58m left,,,,,,,,,,,,,,,true,1662069243,,,,,https://audible.com/pd/1662069243?ipRedirectOverride=true&overrideBaseCountry=true,,https://www.audible.com/webplayer?asin=1662069243,https://m.media-amazon.com/images/I/41j8UQa+wmL._SL500_.jpg,https://www.goodreads.com/search?q=Henry%20S.%20F.%20Cooper%20Jr.%20-%20Thirteen%3A%20The%20Apollo%20Flight%20that%20Failed,,,,true
Main,335,The Dispossessed: A Novel,The Dispossessed: A Novel,The Hainish Cycle (book 5),5,“One of the greats….Not just a science fiction writer; a literary icon.” – Stephen King From the brilliant and award-winning author Ursula K. Le Guin comes a classic tale of two planets torn apart by conflict and mistrust — and the man who risks everything to reunite them. A bleak moon...,Ursula K. Le Guin,Don Leslie,,,,,,Finished,,,,,,,,,,,,,,,true,B0041PD25K,,,,,https://audible.com/pd/B0041PD25K?ipRedirectOverride=true&overrideBaseCountry=true,,https://www.audible.com/webplayer?asin=B0041PD25K,https://m.media-amazon.com/images/I/31A2T4QasAL._SL500_.jpg,https://www.goodreads.com/search?q=Ursula%20K.%20Le%20Guin%20-%20The%20Dispossessed%3A%20A%20Novel,,,,true
Main,334,Living in Data: A Citizen's Guide to a Better Information Future,Living in Data: A Citizen's Guide to a Better Information Future,,,"In Living in Data, Thorp proves that thinking about data in a human context makes us better problem solvers and builds a healthier relationship between us and our data - one that puts our well-being front and center....",Jer Thorp,Charlie Thurston,,,,,,6h 18m left,,,,,,,,,,,,,,,true,1662084900,,,,,https://audible.com/pd/1662084900?ipRedirectOverride=true&overrideBaseCountry=true,,https://www.audible.com/webplayer?asin=1662084900,https://m.media-amazon.com/images/I/41iEqe9d8NS._SL500_.jpg,https://www.goodreads.com/search?q=Jer%20Thorp%20-%20Living%20in%20Data%3A%20A%20Citizen's%20Guide%20to%20a%20Better%20Information%20Future,,,,true
Main,333,Lovely One: A Memoir,Lovely One: A Memoir,,,"#1 NEW YORK TIMES BESTSELLER In her “vulnerable, tender, and infinitely inspirational” (Oprah Daily) memoir, the first Black woman to ever be appointed to the Supreme Court of the United States chronicles her extraordinary life story. “A billowingly triumphant American tale.”—The...",Ketanji Brown Jackson,Ketanji Brown Jackson,,,,,,8h 39m left,,,,,,,,,,,,,,,true,B0CTNRCY5N,,,,,https://audible.com/pd/B0CTNRCY5N?ipRedirectOverride=true&overrideBaseCountry=true,,https://www.audible.com/webplayer?asin=B0CTNRCY5N,https://m.media-amazon.com/images/I/41RzUxjCdnL._SL500_.jpg,https://www.goodreads.com/search?q=Ketanji%20Brown%20Jackson%20-%20Lovely%20One%3A%20A%20Memoir,,,,true
Main,332,Japanese Fairy Tales,Japanese Fairy Tales,,,"Here are 22 charming Japanese Fairy Tales, translated by Yei Theodora Ozaki....",Yei Theodora Ozaki - translator,Leslie Bellair,,,,,6h 32m,,,,,,,,,,,true,,,,,true,B00769V386,,,,,https://audible.com/pd/B00769V386?ipRedirectOverride=true&overrideBaseCountry=true,,https://www.audible.com/webplayer?asin=B00769V386,https://m.media-amazon.com/images/I/41EGnNAs5VL._SL500_.jpg,https://www.goodreads.com/search?q=Yei%20Theodora%20Ozaki%20-%20translator%20-%20Japanese%20Fairy%20Tales,__AYCL,,,true
Main,331,"Project Maven: A Marine Colonel, His Team, and the Dawn of AI Warfare","Project Maven: A Marine Colonel, His Team, and the Dawn of AI Warfare",,,"The dramatic story of the secretive decade-long Pentagon campaign to bring AI-powered targeting systems onto the battlefield. In 2017, a small crew gathered in a windowless Pentagon room to put AI at the heart of how America makes war. Led by a Marine Corps colonel haunted by the deaths of US...",Katrina Manson,Katrina Manson,,,,,,12h 49m left,,,,,,,,,,,,,,,true,B0GD8L5JWN,,,,,https://audible.com/pd/B0GD8L5JWN?ipRedirectOverride=true&overrideBaseCountry=true,,https://www.audible.com/webplayer?asin=B0GD8L5JWN,https://m.media-amazon.com/images/I/515SRk8G3rL._SL500_.jpg,https://www.goodreads.com/search?q=Katrina%20Manson%20-%20Project%20Maven%3A%20A%20Marine%20Colonel%2C%20His%20Team%2C%20and%20the%20Dawn%20of%20AI%20Warfare,,,,true
Main,330,The Art of Dying Well: A Practical Guide to a Good End of Life,The Art of Dying Well: A Practical Guide to a Good End of Life,,,This “comforting…thoughtful” (The Washington Post) guide to maintaining a high quality of life—from resilient old age to the first inklings of a serious illness to the final breath—by the New York Times bestselling author of Knocking on Heaven’s Door is a “roadmap to the end that...,Katy Butler,Katy Butler,,,,,7h 38m,,,,,,,,,,,,,,,,true,1508281327,,,,,https://audible.com/pd/1508281327?ipRedirectOverride=true&overrideBaseCountry=true,,https://www.audible.com/webplayer?asin=1508281327,https://m.media-amazon.com/images/I/51HYo-JLHJL._SL500_.jpg,https://www.goodreads.com/search?q=Katy%20Butler%20-%20The%20Art%20of%20Dying%20Well%3A%20A%20Practical%20Guide%20to%20a%20Good%20End%20of%20Life,,,,true
Main,329,Mother Mary Comes to Me,Mother Mary Comes to Me,,,"Named One of The New York Times Book Review’s Top Ten Books of the Year Winner of the National Book Critics Circle Award for Autobiography | Finalist for the Kirkus Prize | Nominated for the Women's Prize for Nonfiction One of the best-reviewed books of the year, a raw and deeply moving memoir...",Arundhati Roy,Arundhati Roy,,,,,,11h 22m left,,,,,,,,,,,,,,,true,B0DVH3JMK8,,,,,https://audible.com/pd/B0DVH3JMK8?ipRedirectOverride=true&overrideBaseCountry=true,,https://www.audible.com/webplayer?asin=B0DVH3JMK8,https://m.media-amazon.com/images/I/41OdvTywSWL._SL500_.jpg,https://www.goodreads.com/search?q=Arundhati%20Roy%20-%20Mother%20Mary%20Comes%20to%20Me,,,,true
Main,328,"Nordic Tales: Folktales from Norway, Sweden, Finland, Iceland, and Denmark","Nordic Tales: Folktales from Norway, Sweden, Finland, Iceland, and Denmark",Tales (book 3),3,"Nordic Tales is a collection of 16 traditional tales from the enchanting world of Nordic folklore. Translated and transcribed by folklorists in the 19th century, these stories are at once magical, hilarious, cozy, and chilling. Welcome to a world of mystical adventure—where trolls haunt the...","Chronicle Books, Ulla Thynell","Allan Corduner, Juha Sorola",,,,,,2h 7m left,,,,,,,,,,,,,,,true,1797200038,,,,,https://audible.com/pd/1797200038?ipRedirectOverride=true&overrideBaseCountry=true,,https://www.audible.com/webplayer?asin=1797200038,https://m.media-amazon.com/images/I/51qd-j3cujL._SL500_.jpg,https://www.goodreads.com/search?q=Chronicle%20Books%20-%20Nordic%20Tales%3A%20Folktales%20from%20Norway%2C%20Sweden%2C%20Finland%2C%20Iceland%2C%20and%20Denmark,,,,true
Main,327,"They Thought They Were Free: The Germans, 1933-45","They Thought They Were Free: The Germans, 1933-45",,,"First published in 1955, They Thought They Were Free is an eloquent and provocative examination of the development of fascism in Germany. Milton Mayer's book is a study of 10 Germans and their lives from 1933-45, based on interviews he conducted after the war when he lived in Germany. Mayer had...",Milton Mayer,Michael Page,,,,,10h 22m,,,,,,,,,,,,,,,,true,B072F819J6,,,,,https://audible.com/pd/B072F819J6?ipRedirectOverride=true&overrideBaseCountry=true,,https://www.audible.com/webplayer?asin=B072F819J6,https://m.media-amazon.com/images/I/51MgzGmvs7L._SL500_.jpg,https://www.goodreads.com/search?q=Milton%20Mayer%20-%20They%20Thought%20They%20Were%20Free%3A%20The%20Germans%2C%201933-45,,,,true
Main,326,The Five Invitations: Discovering What Death Can Teach Us About Living Fully,The Five Invitations: Discovering What Death Can Teach Us About Living Fully,,,"The cofounder of the Zen Hospice Project and pioneer behind the compassionate care movement shares an inspiring exploration of the lessons dying has to offer about living a fulfilling life. Death is not waiting for us at the end of a long road. Death is always with us, in the marrow of every...",Frank Ostaseski,Frank Ostaseski,,,,,,Finished,,,,,,,,,,,,,,,true,B01MYGJ6W4,,,,,https://audible.com/pd/B01MYGJ6W4?ipRedirectOverride=true&overrideBaseCountry=true,,https://www.audible.com/webplayer?asin=B01MYGJ6W4,https://m.media-amazon.com/images/I/41nUhggv8yL._SL500_.jpg,https://www.goodreads.com/search?q=Frank%20Ostaseski%20-%20The%20Five%20Invitations%3A%20Discovering%20What%20Death%20Can%20Teach%20Us%20About%20Living%20Fully,,,,true
Main,325,Sunrise on the Reaping (The Hunger Games): A Hunger Games Novel,Sunrise on the Reaping (The Hunger Games): A Hunger Games Novel,The Hunger Games,∞,"As the day dawns on the fiftieth annual Hunger Games, fear grips the districts of Panem. This year, in honor of the Quarter Quell, twice as many tributes will be taken from their homes.",Suzanne Collins,Jefferson White,,,,,,3h 27m left,,,,,,,,,,,,,,,true,B0D6P455PH,,,,,https://audible.com/pd/B0D6P455PH?ipRedirectOverride=true&overrideBaseCountry=true,,https://www.audible.com/webplayer?asin=B0D6P455PH,https://m.media-amazon.com/images/I/41oFuJ88q6L._SL500_.jpg,https://www.goodreads.com/search?q=Suzanne%20Collins%20-%20Sunrise%20on%20the%20Reaping%20(The%20Hunger%20Games)%3A%20A%20Hunger%20Games%20Novel,,,,true
Main,324,Surface Detail,Surface Detail,Culture (book 9),9,"It begins in the realm of the Real, where matter still matters. It begins with a murder. And it will not end until the Culture has gone to war with death itself. Lededje Y'breq is one of the Intagliated, her marked body bearing witness to a family shame, her life belonging to a man whose lust...",Iain M. Banks,Peter Kenny,,,,,20h 23m,,,,,,,,,,,,,,,,true,B00482T0DY,,,,,https://audible.com/pd/B00482T0DY?ipRedirectOverride=true&overrideBaseCountry=true,,https://www.audible.com/webplayer?asin=B00482T0DY,https://m.media-amazon.com/images/I/51hpgAdTPSL._SL500_.jpg,https://www.goodreads.com/search?q=Iain%20M.%20Banks%20-%20Surface%20Detail,,,,true
Main,323,Excellent Advice for Living: Wisdom I Wish I'd Known Earlier,Excellent Advice for Living: Wisdom I Wish I'd Known Earlier,,,"“A shorthand manual for living with kindness, decency, and generosity of spirit.” —Maria Popova “I love aphorisms, proverbs, and Secrets of Adulthood . . . Excellent Advice for Living includes wise, practical advice for life.” —Gretchen Rubin, via Twitter “One hundred years from...",Kevin Kelly,Philip Hernandez,,,,,,43m left,,,,,,,,,,,,,,,true,B0BKTL2V89,,,,,https://audible.com/pd/B0BKTL2V89?ipRedirectOverride=true&overrideBaseCountry=true,,https://www.audible.com/webplayer?asin=B0BKTL2V89,https://m.media-amazon.com/images/I/41U4U8dp3kL._SL500_.jpg,https://www.goodreads.com/search?q=Kevin%20Kelly%20-%20Excellent%20Advice%20for%20Living%3A%20Wisdom%20I%20Wish%20I'd%20Known%20Earlier,,,,true
Main,322,How to Speak Machine: Computational Thinking for the Rest of Us,How to Speak Machine: Computational Thinking for the Rest of Us,,,"A simple, enduring framework for understanding the complex world of AI and machine learning. “Before you can get machines to do what you want, you’d better learn to speak their language. John Maeda engineers rapprochement between humans and our computational creations in this engaging...",John Maeda,Dani Martineck,,,,,,Finished,,,,,,,,,,,,,,,true,059314841X,,,,,https://audible.com/pd/059314841X?ipRedirectOverride=true&overrideBaseCountry=true,,https://www.audible.com/webplayer?asin=059314841X,https://m.media-amazon.com/images/I/61orYb0W9XL._SL500_.jpg,https://www.goodreads.com/search?q=John%20Maeda%20-%20How%20to%20Speak%20Machine%3A%20Computational%20Thinking%20for%20the%20Rest%20of%20Us,,,,true
Main,321,Mismatch: How Inclusion Shapes Design,Mismatch: How Inclusion Shapes Design,,,"Sometimes designed objects reject their users: a computer mouse that doesn't work for left-handed people, for example, or a touchscreen payment system that only works for people who read English phrases, have 20/20 vision, and use a credit card. These mismatches are the building blocks of...","Kat Holmes, John Maeda - foreword",Kat Holmes,,,,,3h 47m,,,,,,,,,,,true,,,,,true,1469078813,,,,,https://audible.com/pd/1469078813?ipRedirectOverride=true&overrideBaseCountry=true,,https://www.audible.com/webplayer?asin=1469078813,https://m.media-amazon.com/images/I/51IuMTzMsWL._SL500_.jpg,https://www.goodreads.com/search?q=Kat%20Holmes%20-%20Mismatch%3A%20How%20Inclusion%20Shapes%20Design,__AYCL,,,true
Main,320,Fair Doses: An Insider's Story of the Pandemic and the Global Fight for Vaccine Equity,Fair Doses: An Insider's Story of the Pandemic and the Global Fight for Vaccine Equity,,,"Fair Doses is a story of vaccines: how they came about, why they are important, and how they have been made globally available—although our quest for vaccine equity is still ongoing. In this fascinating deep dive into vaccines, Dr. Seth Berkley offers an inside view of the challenges of...",Seth Berkley MD,Rick Adamson,,,,,,4h left,,,,,,,,,,,,,,,true,B0FP32FWWY,,,,,https://audible.com/pd/B0FP32FWWY?ipRedirectOverride=true&overrideBaseCountry=true,,https://www.audible.com/webplayer?asin=B0FP32FWWY,https://m.media-amazon.com/images/I/41hBFsogj9L._SL500_.jpg,https://www.goodreads.com/search?q=Seth%20Berkley%20MD%20-%20Fair%20Doses%3A%20An%20Insider's%20Story%20of%20the%20Pandemic%20and%20the%20Global%20Fight%20for%20Vaccine%20Equity,,,,true
Main,319,107 Days,107 Days,,,"For the first time, and with surprising and revealing insights, former Vice President Kamala Harris tells the story of one of the wildest and most consequential presidential campaigns in American history. Your Secret Service code name is Pioneer. You are the first woman in history to be elected...",Kamala Harris,Kamala Harris,,,,,,Finished,,,,,,,,,,,,,,,true,B0FFD25MJV,,,,,https://audible.com/pd/B0FFD25MJV?ipRedirectOverride=true&overrideBaseCountry=true,,https://www.audible.com/webplayer?asin=B0FFD25MJV,https://m.media-amazon.com/images/I/41KaMTbwHcL._SL500_.jpg,https://www.goodreads.com/search?q=Kamala%20Harris%20-%20107%20Days,,,,true
Main,318,Book of Lives: A Memoir of Sorts,Book of Lives: A Memoir of Sorts,,,"How does one of the greatest storytellers of our time write her own life? The long-awaited memoir from the author of The Handmaid’s Tale and The Testaments, one of our most lauded and influential cultural figures. ‘Every writer is at least two beings: the one who lives, and the one who...",Margaret Atwood,Margaret Atwood,,,,,,3h 4m left,,,,,,,,,,,,,,,true,B0DTV49S93,,,,,https://audible.com/pd/B0DTV49S93?ipRedirectOverride=true&overrideBaseCountry=true,,https://www.audible.com/webplayer?asin=B0DTV49S93,https://m.media-amazon.com/images/I/41Ekrh3yMOL._SL500_.jpg,https://www.goodreads.com/search?q=Margaret%20Atwood%20-%20Book%20of%20Lives%3A%20A%20Memoir%20of%20Sorts,,,,true
Main,317,"Motherland: A Feminist History of Modern Russia, from Revolution to Autocracy","Motherland: A Feminist History of Modern Russia, from Revolution to Autocracy",,,"Acclaimed journalist Julia Ioffe tells the story of modern Russia through the history of its women, from revolution to utopia to autocracy. In 1990, seven-year-old Julia Ioffe and her family fled the Soviet Union. Nearly twenty years later, Ioffe returned to Moscow—only to discover just how...",Julia Ioffe,Julia Ioffe,,,,,,Finished,,,,,,,,,,,,,,,true,B0CRC7X4GY,,,,,https://audible.com/pd/B0CRC7X4GY?ipRedirectOverride=true&overrideBaseCountry=true,,https://www.audible.com/webplayer?asin=B0CRC7X4GY,https://m.media-amazon.com/images/I/41LzqDO-ArL._SL500_.jpg,https://www.goodreads.com/search?q=Julia%20Ioffe%20-%20Motherland%3A%20A%20Feminist%20History%20of%20Modern%20Russia%2C%20from%20Revolution%20to%20Autocracy,,,,true
Main,316,The Color of Law: A Forgotten History of How Our Government Segregated America,The Color of Law: A Forgotten History of How Our Government Segregated America,,,"In this groundbreaking history of the modern American metropolis, Richard Rothstein, a leading authority on housing policy, explodes the myth that America's cities came to be racially divided through de facto segregation - that is, through individual prejudices, income differences, or the...",Richard Rothstein,Adam Grupper,,,,,,3h 31m left,,,,,,,,,,,,,,,true,B0747SYKJF,,,,,https://audible.com/pd/B0747SYKJF?ipRedirectOverride=true&overrideBaseCountry=true,,https://www.audible.com/webplayer?asin=B0747SYKJF,https://m.media-amazon.com/images/I/51wmP58ticL._SL500_.jpg,https://www.goodreads.com/search?q=Richard%20Rothstein%20-%20The%20Color%20of%20Law%3A%20A%20Forgotten%20History%20of%20How%20Our%20Government%20Segregated%20America,,,,true
Main,315,The Big One: How We Must Prepare for Future Deadly Pandemics,The Big One: How We Must Prepare for Future Deadly Pandemics,,,"As bad as Covid-19 was, the next pandemic could be worse—but we have the tools to prepare, as revealed in this urgent, gripping warning by the New York Times bestselling authors of Deadliest Enemy. The Covid-19 pandemic was the most devastating natural event of the last century, killing more...","Michael T. Osterholm PhD MPH PhD MPH, Mark Olshaker",Peter Ganim,,,,,,13h 7m left,,,,,,,,,,,,,,,true,B0C1TF4FK8,,,,,https://audible.com/pd/B0C1TF4FK8?ipRedirectOverride=true&overrideBaseCountry=true,,https://www.audible.com/webplayer?asin=B0C1TF4FK8,https://m.media-amazon.com/images/I/51EKyhWHNeL._SL500_.jpg,https://www.goodreads.com/search?q=Michael%20T.%20Osterholm%20PhD%20MPH%20PhD%20MPH%20-%20The%20Big%20One%3A%20How%20We%20Must%20Prepare%20for%20Future%20Deadly%20Pandemics,,,,true
Main,314,Assata,Assata,,,"In 2013 Assata Shakur, founding member of the Black Liberation Army, former Black Panther and godmother of Tupac Shakur, became the first ever woman to make the FBI's most wanted list....","Assata Shakur, Angela Davis - foreword",Sirena Riley,,,,,,&lt;1 min,,,,,,,,,,,,,,,true,B073JNLWXZ,,,,,https://audible.com/pd/B073JNLWXZ?ipRedirectOverride=true&overrideBaseCountry=true,,https://www.audible.com/webplayer?asin=B073JNLWXZ,https://m.media-amazon.com/images/I/51w8R9z6sLL._SL500_.jpg,https://www.goodreads.com/search?q=Assata%20Shakur%20-%20Assata,,,,true
Main,313,The Origin of Species,The Origin of Species,,,"One of the most famous and influential books of its (or any) time, The Origin of Species is, surprisingly, little read. True enough, most people know what it says, or think they do, at any rate. The first comprehensive statement of the theory of natural selection, it does, indeed, provide the...",Charles Darwin,David Case,"Science, Anthropology, Biological Sciences, Evolution, Evolution & Genetics, Social Sciences",Politics & Social Sciences > Anthropology,Politics & Social Sciences,Anthropology,17h 11m ,15h 48m left,2006-05-18,Tantor Audio,,3.9,311,,Unabridged Audiobook,English,available,true,true,,,,,B002VA9ER2,,,"One of the most famous and influential books of its (or any) time, <i>The Origin of Species</i> is, surprisingly, little read. True enough, most people know what it says, or think they do, at any rate. The first comprehensive statement of the theory of natural selection, it does, indeed, provide the basic argument and demonstration of what we think of as Darwinism. <p>Not quite offering the misleading tautological Spencerian claim of ""survival of the fittest"", or the claim that man descends from monkeys (a typical perversion of the understanding of natural selection), the book did turn much of the world and how man thinks about it upside down. It is, well more than a century after its first publication, still a powerful and fascinating read. </p>",,https://audible.com/pd/B002VA9ER2?ipRedirectOverride=true&overrideBaseCountry=true,,https://www.audible.com/webplayer?asin=B002VA9ER2,https://m.media-amazon.com/images/I/511bgceZXcL._SL500_.jpg,https://www.goodreads.com/search?q=Charles%20Darwin%20-%20The%20Origin%20of%20Species,__AYCL,,,true
Main,312,Chasing Hope: A Reporter's Life,Chasing Hope: A Reporter's Life,,,"From New York Times columnist, Pulitzer Prize winner, and best-selling author Nicholas D. Kristof, an intimate and gripping memoir about a life in journalism “Nick Kristof takes us behind the scenes as he risks his life to shine a light on the world’s most pressing problems and blaze a trail...",Nicholas D. Kristof,Nicholas D. Kristof,,,,,,Finished,,,,,,,,,,,,,,,true,B0CGRXGH32,,,,,https://audible.com/pd/B0CGRXGH32?ipRedirectOverride=true&overrideBaseCountry=true,,https://www.audible.com/webplayer?asin=B0CGRXGH32,https://m.media-amazon.com/images/I/51Rx6g4-uXL._SL500_.jpg,https://www.goodreads.com/search?q=Nicholas%20D.%20Kristof%20-%20Chasing%20Hope%3A%20A%20Reporter's%20Life,,,,true
Main,311,Moral Ambition: Stop Wasting Your Talent and Start Making a Difference,Moral Ambition: Stop Wasting Your Talent and Start Making a Difference,,,"From the author of the New York Times bestsellers Humankind and Utopia for Realists—“a more politically radical Malcolm Gladwell” (The New York Times)—comes a bold manifesto daring us to harness our talents and transform our idealism into action, all with the goal of making the world a...","Rutger Bregman, Erica Moore - translator","Boris Hiestand, Rutger Bregman",,,,,,4h 17m left,,,,,,,,,,,,,,,true,B0DJN7C9D6,,,,,https://audible.com/pd/B0DJN7C9D6?ipRedirectOverride=true&overrideBaseCountry=true,,https://www.audible.com/webplayer?asin=B0DJN7C9D6,https://m.media-amazon.com/images/I/41JztEeDgvL._SL500_.jpg,https://www.goodreads.com/search?q=Rutger%20Bregman%20-%20Moral%20Ambition%3A%20Stop%20Wasting%20Your%20Talent%20and%20Start%20Making%20a%20Difference,,,,true
Main,310,"Norse Paganism for Beginners: A Guide to the Gods, Rituals, and Beliefs","Norse Paganism for Beginners: A Guide to the Gods, Rituals, and Beliefs",,,"Step into the enthralling world of Norse Paganism with this essential guide, designed to open the gates of ancient myths and magic to newcomers and...",Charles Holmberg,Virtual Voice,,,,,2h 49m,,,,,,,,,,,true,,,,,true,B0D2MLPTNY,,,,,https://audible.com/pd/B0D2MLPTNY?ipRedirectOverride=true&overrideBaseCountry=true,,https://www.audible.com/webplayer?asin=B0D2MLPTNY,https://m.media-amazon.com/images/I/41eeWI2OMIL._SL500_.jpg,https://www.goodreads.com/search?q=Charles%20Holmberg%20-%20Norse%20Paganism%20for%20Beginners%3A%20A%20Guide%20to%20the%20Gods%2C%20Rituals%2C%20and%20Beliefs,__AYCL,,,true
Main,309,The Complete and Original Norwegian Folktales of Asbjørnsen and Moe,The Complete and Original Norwegian Folktales of Asbj&oslash;rnsen and Moe,,,"Magic and myth inhabit these chapters in figures both familiar and strange. Giant trolls and talking animals are everywhere. The winds take human form. A one-eyed old woman might seem reminiscent of the Norse god Odin. We meet sly aunts, resourceful princesses, and devious robbers. These...","Peter Christen Asbjørnsen, Jørgen Moe, Tiina Nunnally - translator, Neil Gaiman - foreword",Ann Richardson,"Magic, Science Fiction, Fantasy, World Literature, European, Scandinavia, Fiction, Fairy Tales, Witty, Anthologies & Short Stories, Norse",Literature & Fiction > World Literature,Literature & Fiction,World Literature,13h 16m ,,2020-04-28,Tantor Audio,,4.5,115,,Unabridged Audiobook,English,available,true,true,,,,,1705221564,,,"<p>Magic and myth inhabit these chapters in figures both familiar and strange. Giant trolls and talking animals are everywhere. The winds take human form. A one-eyed old woman might seem reminiscent of the Norse god Odin. We meet sly aunts, resourceful princesses, and devious robbers.&nbsp;</p> <p>These stories, set in Norway's majestic landscape of towering mountains and dense forests, are filled with humor, mischief, and sometimes surprisingly cruel twists of fate. All are rendered in the deceptively simple narrative style perfected by Asbjørnsen and Moe - now translated into an English that is as finely tuned to the modern ear as it is true to the original Norwegian.</p> <p>Included here - for the very first time in English - are Asbjørnsen and Moe's forewords and introductions to the early Norwegian editions of the tales. Asbjørnsen gives us an intriguing glimpse into the actual collection process and describes how the stories were initially received, both in Norway and abroad.&nbsp;</p> <p>Equally fascinating are Moe's views on how central characters might be interpreted and his notes on the regions where each story was originally collected. Nunnally's informative translator's note places the tales in a biographical, historical, and literary context for the 21st century.</p>",,https://audible.com/pd/1705221564?ipRedirectOverride=true&overrideBaseCountry=true,,https://www.audible.com/webplayer?asin=1705221564,https://m.media-amazon.com/images/I/61y3AvwOG5L._SL500_.jpg,https://www.goodreads.com/search?q=Peter%20Christen%20Asbj%C3%B8rnsen%20-%20The%20Complete%20and%20Original%20Norwegian%20Folktales%20of%20Asbj%26oslash%3Brnsen%20and%20Moe,__AYCL,,,true
Main,308,"Norse Mythology, Legends and Legacy: Embark on an Exciting Journey into Viking Lore, Uncover the Myths of Odin, Thor and Loki Thru Engaging Storytelling and Modern Insights","Norse Mythology, Legends and Legacy: Embark on an Exciting Journey into Viking Lore, Uncover the Myths of Odin, Thor and Loki Thru Engaging Storytelling and Modern Insights",,,"Embark on a Thrilling Journey Through Viking Lore Step into the mystical world of Norse mythology, where gods like Odin, Thor, and Loki face giants...",Shari Claire,Virtual Voice,,,,,5h 28m,,,,,,,,,,,true,,,,true,true,B0CY9JJHL8,,,,,https://audible.com/pd/B0CY9JJHL8?ipRedirectOverride=true&overrideBaseCountry=true,,https://www.audible.com/webplayer?asin=B0CY9JJHL8,https://m.media-amazon.com/images/I/51O0+LGVGvL._SL500_.jpg,https://www.goodreads.com/search?q=Shari%20Claire%20-%20Norse%20Mythology%2C%20Legends%20and%20Legacy%3A%20Embark%20on%20an%20Exciting%20Journey%20into%20Viking%20Lore%2C%20Uncover%20the%20Myths%20of%20Odin%2C%20Thor%20and%20Loki%20Thru%20Engaging%20Storytelling%20and%20Modern%20Insights,__AYCL,,,true
Main,307,"The Norse Mythology Bible: [7 in 1]: The Most Epic Guide to Norse Mythology. Exploring The Vikings, Battles, Ásatrú, Runes, Spells, Weapons, Ships, Poems, Vivid Paintings and Scandinavian History.","The Norse Mythology Bible: [7 in 1]: The Most Epic Guide to Norse Mythology. Exploring The Vikings, Battles, Ásatrú, Runes, Spells, Weapons, Ships, Poems, Vivid Paintings and Scandinavian History.",,,⛏️ REVISED AND EXPANDED EDITION! ⛏️ ⛏️ THE MOST EPIC AND EXPANSIVE NORSE MYTHOLOGY BIBLE ON AMAZON!⛏️ ⛏️ DOUBLE THE PAGES OF ...,Rørik Sørensen,Virtual Voice,,,,,16h 49m,,,,,,,,,,,true,,,,,true,B0F4CWD1BR,,,,,https://audible.com/pd/B0F4CWD1BR?ipRedirectOverride=true&overrideBaseCountry=true,,https://www.audible.com/webplayer?asin=B0F4CWD1BR,https://m.media-amazon.com/images/I/514tAhTCbVL._SL500_.jpg,https://www.goodreads.com/search?q=R%C3%B8rik%20S%C3%B8rensen%20-%20The%20Norse%20Mythology%20Bible%3A%20%5B7%20in%201%5D%3A%20The%20Most%20Epic%20Guide%20to%20Norse%20Mythology.%20Exploring%20The%20Vikings%2C%20Battles%2C%20%C3%81satr%C3%BA%2C%20Runes%2C%20Spells%2C%20Weapons%2C%20Ships%2C%20Poems%2C%20Vivid%20Paintings%20and%20Scandinavian%20History.,__AYCL,,,true
Main,306,How to Think Like a Great Graphic Designer,How to Think Like a Great Graphic Designer,,,Take a peek inside the heads of some of the world's greatest living graphic designers....,Debbie Millman,Nicole Vilencia,,,,,,Finished,,,,,,,,,,,,,,,true,B00BFHE6CU,,,,,https://audible.com/pd/B00BFHE6CU?ipRedirectOverride=true&overrideBaseCountry=true,,https://www.audible.com/webplayer?asin=B00BFHE6CU,https://m.media-amazon.com/images/I/41zGA8KJyaL._SL500_.jpg,https://www.goodreads.com/search?q=Debbie%20Millman%20-%20How%20to%20Think%20Like%20a%20Great%20Graphic%20Designer,,,,true
Main,305,2081: A Hopeful View of the Human Future,2081: A Hopeful View of the Human Future,,,"The long-awaited audio version of the seminal book by legendary space pioneer, Dr. Gerard K. O'Neill, credited with inspiring the likes of Jeff Bezos, Peter Diamandis, and Dylan Taylor....",Gerard K. O'Neill,Lawrence Tobias,,,,,,8h 38m left,,,,,,,,,,,,,,,true,B08ZGPPLHW,,,,,https://audible.com/pd/B08ZGPPLHW?ipRedirectOverride=true&overrideBaseCountry=true,,https://www.audible.com/webplayer?asin=B08ZGPPLHW,https://m.media-amazon.com/images/I/41CaLzKuRdL._SL500_.jpg,https://www.goodreads.com/search?q=Gerard%20K.%20O'Neill%20-%202081%3A%20A%20Hopeful%20View%20of%20the%20Human%20Future,,,,true
Main,304,A Different Kind of Power: A Memoir,A Different Kind of Power: A Memoir,,,"NEW YORK TIMES BESTSELLER From the former prime minister of New Zealand, then the world’s youngest female head of government and just the second to give birth in office, comes a deeply personal memoir chronicling her extraordinary rise and offering inspiration to a new generation of...",Jacinda Ardern,Jacinda Ardern,,,,,,9h 25m left,,,,,,,,,,,,,,,true,B0DQF3YSKY,,,,,https://audible.com/pd/B0DQF3YSKY?ipRedirectOverride=true&overrideBaseCountry=true,,https://www.audible.com/webplayer?asin=B0DQF3YSKY,https://m.media-amazon.com/images/I/419mxAz0S2L._SL500_.jpg,https://www.goodreads.com/search?q=Jacinda%20Ardern%20-%20A%20Different%20Kind%20of%20Power%3A%20A%20Memoir,,,,true
Main,303,"Data Analytics, Data Visualization & Communicating Data: 3 books in 1: Learn the Processes of Data Analytics and Data Science, Create Engaging Data Visualizations, and Present Data Effectively","Data Analytics, Data Visualization & Communicating Data: 3 books in 1: Learn the Processes of Data Analytics and Data Science, Create Engaging Data Visualizations, and Present Data Effectively",,,"Harvard Business Review called data science “the sexiest job of the 21st century,” so it's no surprise that data science jobs have grown up to 20x in the last 3 years. With demand outpacing supply, companies are willing to pay top dollar for talented data professionals.",Elizabeth Clarke,Brennan Koenigsreuter,,,,,,9h 42m left,,,,,,,,,,,,,,,true,B0BPD38KDP,,,,,https://audible.com/pd/B0BPD38KDP?ipRedirectOverride=true&overrideBaseCountry=true,,https://www.audible.com/webplayer?asin=B0BPD38KDP,https://m.media-amazon.com/images/I/51uMB61nPEL._SL500_.jpg,https://www.goodreads.com/search?q=Elizabeth%20Clarke%20-%20Data%20Analytics%2C%20Data%20Visualization%20%26%20Communicating%20Data%3A%203%20books%20in%201%3A%20Learn%20the%20Processes%20of%20Data%20Analytics%20and%20Data%20Science%2C%20Create%20Engaging%20Data%20Visualizations%2C%20and%20Present%20Data%20Effectively,,,,true
Main,302,"The Source of Self-Regard: Selected Essays, Speeches, and Meditations","The Source of Self-Regard: Selected Essays, Speeches, and Meditations",,,"NATIONAL BESTSELLER Here is the Nobel Prize winner in her own words: a rich gathering of her most important essays and speeches, spanning four decades that ""speaks to today’s social and political moment as directly as this morning’s headlines” (NPR). These pages give us her searing...",Toni Morrison,Bahni Turpin,,,,,,15h 33m left,,,,,,,,,,,,,,,true,B07ML5152L,,,,,https://audible.com/pd/B07ML5152L?ipRedirectOverride=true&overrideBaseCountry=true,,https://www.audible.com/webplayer?asin=B07ML5152L,https://m.media-amazon.com/images/I/41CFlsKWQjL._SL500_.jpg,https://www.goodreads.com/search?q=Toni%20Morrison%20-%20The%20Source%20of%20Self-Regard%3A%20Selected%20Essays%2C%20Speeches%2C%20and%20Meditations,,,,true
Main,301,Everything Is Tuberculosis: The History and Persistence of Our Deadliest Infection,Everything Is Tuberculosis: The History and Persistence of Our Deadliest Infection,,,"#1 New York Times bestseller #1 Washington Post bestseller #1 Indie Bestseller USA Today Bestseller John Green, award-winning author and passionate advocate for global healthcare reform, tells a deeply human story illuminating the fight against the world’s deadliest infectious...",John Green,John Green,,,,,,Finished,,,,,,,,,,,,,,,true,B0DK2DQZ7P,,,,,https://audible.com/pd/B0DK2DQZ7P?ipRedirectOverride=true&overrideBaseCountry=true,,https://www.audible.com/webplayer?asin=B0DK2DQZ7P,https://m.media-amazon.com/images/I/41XosBEWVlL._SL500_.jpg,https://www.goodreads.com/search?q=John%20Green%20-%20Everything%20Is%20Tuberculosis%3A%20The%20History%20and%20Persistence%20of%20Our%20Deadliest%20Infection,,,,true
Main,300,"Our Oriental Heritage: The Story of Civilization, Volume 1","Our Oriental Heritage: The Story of Civilization, Volume 1",The Story of Civilization (book 1),1,"The first volume of Will Durant's Pulitzer Prize-winning series, Our Oriental Heritage: The Story of Civilization, Volume I chronicles the early history of Egypt, the Middle East, and Asia. In this masterful work, readers will encounter: Sumeria, birthplace of the first cities and written laws...",Will Durant,Robin Field,,,,,,49h 16m left,,,,,,,,,,,,,,,true,B00FZYU6IC,,,,,https://audible.com/pd/B00FZYU6IC?ipRedirectOverride=true&overrideBaseCountry=true,,https://www.audible.com/webplayer?asin=B00FZYU6IC,https://m.media-amazon.com/images/I/41nhmtQfb9L._SL500_.jpg,https://www.goodreads.com/search?q=Will%20Durant%20-%20Our%20Oriental%20Heritage%3A%20The%20Story%20of%20Civilization%2C%20Volume%201,,,,true
Main,299,The Seven Generations and the Seven Grandfather Teachings,The Seven Generations and the Seven Grandfather Teachings,,,"Discover indigenous wisdom for a life well lived in ""The Seven Generations and the Seven Grandfather Teachings."" Based on ancient teachings from the Anishinaabe / Ojibwe people, this spiritual translation of the sacred laws guides us toward Mino-bimaadiziwin, ""the good life"".",James Vukelich Kaagegaabaw,James Vukelich Kaagegaabaw,,,,,,Finished,,,,,,,,,,,,,,,true,B0CWBBQH58,,,,,https://audible.com/pd/B0CWBBQH58?ipRedirectOverride=true&overrideBaseCountry=true,,https://www.audible.com/webplayer?asin=B0CWBBQH58,https://m.media-amazon.com/images/I/51LoBBDVABL._SL500_.jpg,https://www.goodreads.com/search?q=James%20Vukelich%20Kaagegaabaw%20-%20The%20Seven%20Generations%20and%20the%20Seven%20Grandfather%20Teachings,,,,true
Main,298,"America and Iran: A History, 1720 to the Present","America and Iran: A History, 1720 to the Present",,,"A NEW YORK TIMES NOTABLE BOOK OF THE YEAR A hugely ambitious, “delightfully readable, genuinely informative” portrait (The New York Times) of the two-centuries-long entwined histories of Iran and America—two powers who were once allies and now adversaries—by an admired historian and...",John Ghazvinian,Fred Sanders,,,,,,25h 33m left,,,,,,,,,,,,,,,true,0593294629,,,,,https://audible.com/pd/0593294629?ipRedirectOverride=true&overrideBaseCountry=true,,https://www.audible.com/webplayer?asin=0593294629,https://m.media-amazon.com/images/I/61MX9-lhBgL._SL500_.jpg,https://www.goodreads.com/search?q=John%20Ghazvinian%20-%20America%20and%20Iran%3A%20A%20History%2C%201720%20to%20the%20Present,,,,true
Main,297,Like a Mother: A Feminist Journey Through the Science and Culture of Pregnancy,Like a Mother: A Feminist Journey Through the Science and Culture of Pregnancy,,,"What to read after What to Expect . . . . A badass, feminist, and personal deep-dive into the science and culture of pregnancy and early motherhood that debunks myths and dated assumptions, offering guidance and camaraderie to women navigating one of the biggest and most profound changes in...",Angela Garbes,"Roxana Ortega, Angela Garbes",,,,,,6h 18m left,,,,,,,,,,,,,,,true,B07CHR634Q,,,,,https://audible.com/pd/B07CHR634Q?ipRedirectOverride=true&overrideBaseCountry=true,,https://www.audible.com/webplayer?asin=B07CHR634Q,https://m.media-amazon.com/images/I/51zaLVcx0cL._SL500_.jpg,https://www.goodreads.com/search?q=Angela%20Garbes%20-%20Like%20a%20Mother%3A%20A%20Feminist%20Journey%20Through%20the%20Science%20and%20Culture%20of%20Pregnancy,,,,true
Main,296,What Color Is Your Parachute?: Your Guide to a Lifetime of Meaningful Work and Career Success,What Color Is Your Parachute?: Your Guide to a Lifetime of Meaningful Work and Career Success,,,"The groundbreaking, indispensable guide to rewarding work and a fulfilling life—more than ten million copies sold! For more than fifty years, What Color Is Your Parachute? has transformed the way people think about job hunting. Whether searching for that first position, recovering from a...",Richard N. Bolles,Sean Runnette,,,,,,7h 26m left,,,,,,,,,,,,,,,true,B0DD9GBQC6,,,,,https://audible.com/pd/B0DD9GBQC6?ipRedirectOverride=true&overrideBaseCountry=true,,https://www.audible.com/webplayer?asin=B0DD9GBQC6,https://m.media-amazon.com/images/I/41Q9zcEJVWL._SL500_.jpg,https://www.goodreads.com/search?q=Richard%20N.%20Bolles%20-%20What%20Color%20Is%20Your%20Parachute%3F%3A%20Your%20Guide%20to%20a%20Lifetime%20of%20Meaningful%20Work%20and%20Career%20Success,,,,true
Main,295,Where Do We Go from Here: Chaos or Community?,Where Do We Go from Here: Chaos or Community?,King Legacy (book 2),2,"The last book written by King his final reflections after a decade of civil rights struggles In 1967, Dr. Martin Luther King, Jr., isolated himself from the demands of the civil rights movement, rented a house in Jamaica with no telephone, and labored over his final manuscript. In this...","Martin Luther King Jr., Coretta Scott King - introduction, Vincent Harding - introduction",JD Jackson,,,,,,Finished,,,,,,,,,,,,,,,true,B078TLKSGD,,,,,https://audible.com/pd/B078TLKSGD?ipRedirectOverride=true&overrideBaseCountry=true,,https://www.audible.com/webplayer?asin=B078TLKSGD,https://m.media-amazon.com/images/I/51pQ4l5MBaL._SL500_.jpg,https://www.goodreads.com/search?q=Martin%20Luther%20King%20Jr.%20-%20Where%20Do%20We%20Go%20from%20Here%3A%20Chaos%20or%20Community%3F,,,,true
Main,294,"Emperor of Japan: Meiji and His World, 1852-1912",Emperor of Japan,,,"When Emperor Meiji began his rule in 1867, Japan was a splintered empire dominated by the shogun and the daimyos, cut off from the outside world, staunchly antiforeign, and committed to the traditions of the past. Before long, the shogun surrendered to the emperor, a new constitution was adopted...",Donald Keene,Eric Jason Martin,"Politics & Activism, Historical, Royalty, Imperial Japan, 19th Century, Biographies & Memoirs, Modern, Imperialism",Biographies & Memoirs > Historical,Biographies & Memoirs,Historical,38h 13m ,,2022-10-11,Tantor Audio,,4.4,52,,Unabridged Audiobook,English,available,true,true,,,,,B0BGML11LH,,,"<p>When Emperor Meiji began his rule in 1867, Japan was a splintered empire dominated by the shogun and the daimyos, cut off from the outside world, staunchly antiforeign, and committed to the traditions of the past. Before long, the shogun surrendered to the emperor, a new constitution was adopted, and Japan emerged as a modern, industrialized state.</p> <p>Little has been written about the strangely obscured figure of Meiji himself, the first emperor ever to meet a European. But now, Donald Keene sifts the available evidence to present a rich portrait not only of Meiji but also of rapid and sometimes violent change during this pivotal period in Japan's history.</p> <p>In this vivid and engrossing biography, we move with the emperor through his early, traditional education; join in the formal processions that acquainted the young emperor with his country and its people; observe his behavior in court, his marriage, and his relationships with various consorts; and follow his maturation into a ""Confucian"" sovereign dedicated to simplicity, frugality, and hard work. We witness Meiji's struggle to reconcile his personal commitment to peace and his nation's increasingly militarized experience of modernization. <i>Emperor of Japan </i>conveys in sparkling prose the complexity of the man and offers an unrivaled portrait of Japan in a period of unique interest.</p>",,https://audible.com/pd/B0BGML11LH?ipRedirectOverride=true&overrideBaseCountry=true,,https://www.audible.com/webplayer?asin=B0BGML11LH,https://m.media-amazon.com/images/I/51Ve9mnLTpL._SL500_.jpg,https://www.goodreads.com/search?q=Donald%20Keene%20-%20Emperor%20of%20Japan,__AYCL,"Meiji and His World, 1852-1912",,true
Main,293,"The Next Day: Transitions, Change, and Moving Forward","The Next Day: Transitions, Change, and Moving Forward",,,"In a rare window into some of her life’s pivotal moments, Melinda French Gates draws from previously untold stories to offer a new perspective on encountering transitions. This program is read by the author. “You don’t get to be my age without navigating all kinds of transitions. Some you...",Melinda French Gates,Melinda French Gates,,,,,,2m left,,,,,,,,,,,,,,,true,B0D98YDF12,,,,,https://audible.com/pd/B0D98YDF12?ipRedirectOverride=true&overrideBaseCountry=true,,https://www.audible.com/webplayer?asin=B0D98YDF12,https://m.media-amazon.com/images/I/41YaCiG5xRL._SL500_.jpg,https://www.goodreads.com/search?q=Melinda%20French%20Gates%20-%20The%20Next%20Day%3A%20Transitions%2C%20Change%2C%20and%20Moving%20Forward,,,,true
Main,292,Letters to a Young Contrarian,Letters to a Young Contrarian,,,"From bestselling author and provocateur Christopher Hitchens, the classic guide to the art of principled dissent and disagreement. “Hitchens is, first and last, a writer, an always exciting, often exacting, furious polemicist.” -The Boston Globe In Letters to a Young Contrarian, Christopher...",Christopher Hitchens,James Adams,,,,,,1h 50m left,,,,,,,,,,,,,,,true,1549189034,,,,,https://audible.com/pd/1549189034?ipRedirectOverride=true&overrideBaseCountry=true,,https://www.audible.com/webplayer?asin=1549189034,https://m.media-amazon.com/images/I/412y6rooLHL._SL500_.jpg,https://www.goodreads.com/search?q=Christopher%20Hitchens%20-%20Letters%20to%20a%20Young%20Contrarian,,,,true
Main,291,Red Moon,Red Moon,,,"Red Moon is a magnificent novel of space exploration and political revolution from New York Times bestselling author Kim Stanley Robinson. It is thirty years from now, and we have colonized the moon. American Fred Fredericks is making his first trip, his purpose to install a communications...",Kim Stanley Robinson,"Maxwell Hamilton, Joy Osmanski, Feodor Chin",,,,,,16h 25m left,,,,,,,,,,,,,,,true,B07HQZRDL1,,,,,https://audible.com/pd/B07HQZRDL1?ipRedirectOverride=true&overrideBaseCountry=true,,https://www.audible.com/webplayer?asin=B07HQZRDL1,https://m.media-amazon.com/images/I/41D4TPLsVQL._SL500_.jpg,https://www.goodreads.com/search?q=Kim%20Stanley%20Robinson%20-%20Red%20Moon,,,,true
Main,290,How the World Really Works: The Science Behind How We Got Here and Where We're Going,How the World Really Works: The Science Behind How We Got Here and Where We're Going,,,INSTANT NEW YORK TIMES BESTSELLER “Provocative but perceptive . . . You can agree or disagree with Smil—accept or doubt his ‘just the facts’ posture—but you probably shouldn’t ignore him.”—The Washington Post An essential analysis of the modern science and technology that makes...,Vaclav Smil,Stephen Perring,,,,,,5h 27m left,,,,,,,,,,,,,,,true,B09FC1BXBY,,,,,https://audible.com/pd/B09FC1BXBY?ipRedirectOverride=true&overrideBaseCountry=true,,https://www.audible.com/webplayer?asin=B09FC1BXBY,https://m.media-amazon.com/images/I/41eIAjj0QDL._SL500_.jpg,https://www.goodreads.com/search?q=Vaclav%20Smil%20-%20How%20the%20World%20Really%20Works%3A%20The%20Science%20Behind%20How%20We%20Got%20Here%20and%20Where%20We're%20Going,,,,true
Main,289,Bullshit Jobs: A Theory,Bullshit Jobs: A Theory,,,"From David Graeber, the bestselling author of The Dawn of Everything and Debt—“a master of opening up thought and stimulating debate” (Slate)—a powerful argument against the rise of meaningless, unfulfilling jobs…and their consequences. Does your job make a meaningful contribution to...",David Graeber,Christopher Ragland,,,,,,5h 3m left,,,,,,,,,,,,,,,true,B079YY41HL,,,,,https://audible.com/pd/B079YY41HL?ipRedirectOverride=true&overrideBaseCountry=true,,https://www.audible.com/webplayer?asin=B079YY41HL,https://m.media-amazon.com/images/I/51Zj1ZRZwlL._SL500_.jpg,https://www.goodreads.com/search?q=David%20Graeber%20-%20Bullshit%20Jobs%3A%20A%20Theory,,,,true
Main,288,Deep Utopia: Life and Meaning in a Solved World,Deep Utopia: Life and Meaning in a Solved World,,,"Suppose we develop superintelligence safely and ethically, and that we make good use of the almost magical powers this technology would unlock. We would transition into an era in which human labor becomes obsolete.",Nick Bostrom,David Timson,,,,,,Finished,,,,,,,,,,,,,,,true,B0DK22GN3L,,,,,https://audible.com/pd/B0DK22GN3L?ipRedirectOverride=true&overrideBaseCountry=true,,https://www.audible.com/webplayer?asin=B0DK22GN3L,https://m.media-amazon.com/images/I/41txASv5cJL._SL500_.jpg,https://www.goodreads.com/search?q=Nick%20Bostrom%20-%20Deep%20Utopia%3A%20Life%20and%20Meaning%20in%20a%20Solved%20World,,,,true
Main,287,Source Code: My Beginnings,Source Code: My Beginnings,,,#1 NEW YORK TIMES BESTSELLER The origin story of one of the most influential and transformative business leaders and philanthropists of the modern age “A surprisingly candid memoir of the Microsoft mogul’s early years…Reading this book feels like watching someone take a well-known...,Bill Gates,"Wil Wheaton, Bill Gates",,,,,,4h 54m left,,,,,,,,,,,,,,,true,B0D5KLQZQV,,,,,https://audible.com/pd/B0D5KLQZQV?ipRedirectOverride=true&overrideBaseCountry=true,,https://www.audible.com/webplayer?asin=B0D5KLQZQV,https://m.media-amazon.com/images/I/41OBdC3PYML._SL500_.jpg,https://www.goodreads.com/search?q=Bill%20Gates%20-%20Source%20Code%3A%20My%20Beginnings,,,,true
Main,286,Half the Sky: Turning Oppression into Opportunity for Women Worldwide,Half the Sky: Turning Oppression into Opportunity for Women Worldwide,,,"#1 NATIONAL BESTSELLER A passionate call to arms against our era’s most pervasive human rights violation—the oppression of women and girls in the developing world. From the bestselling authors of Tightrope, two of our most fiercely moral voices With Pulitzer Prize winners Nicholas D...",Nicholas D. Kristof,Cassandra Campbell,,,,,,10h 7m left,,,,,,,,,,,,,,,true,0593163028,,,,,https://audible.com/pd/0593163028?ipRedirectOverride=true&overrideBaseCountry=true,,https://www.audible.com/webplayer?asin=0593163028,https://m.media-amazon.com/images/I/51jLXntdwaL._SL500_.jpg,https://www.goodreads.com/search?q=Nicholas%20D.%20Kristof%20-%20Half%20the%20Sky%3A%20Turning%20Oppression%20into%20Opportunity%20for%20Women%20Worldwide,,,,true
Main,285,An Immense World: How Animal Senses Reveal the Hidden Realms Around Us,An Immense World: How Animal Senses Reveal the Hidden Realms Around Us,,,"NEW YORK TIMES BESTSELLER A “thrilling” (The New York Times), “dazzling” (The Wall Street Journal) tour of the radically different ways that animals perceive the world that will fill you with wonder and forever alter your perspective, by Pulitzer Prize–winning science journalist Ed...",Ed Yong,Ed Yong,,,,,,7h 51m left,,,,,,,,,,,,,,,true,B09LF5TWV2,,,,,https://audible.com/pd/B09LF5TWV2?ipRedirectOverride=true&overrideBaseCountry=true,,https://www.audible.com/webplayer?asin=B09LF5TWV2,https://m.media-amazon.com/images/I/51TpJtVL49L._SL500_.jpg,https://www.goodreads.com/search?q=Ed%20Yong%20-%20An%20Immense%20World%3A%20How%20Animal%20Senses%20Reveal%20the%20Hidden%20Realms%20Around%20Us,,,,true
Main,284,"A Brief History of Japan: Samurai, Shogun and Zen: The Extraordinary Story of the Land of the Rising Sun",A Brief History of Japan,,,"This fascinating history tells the story of the people of Japan, from ancient teenage priest-queens to teeming hordes of salarymen, a nation that once sought to conquer China, yet also shut itself away for two centuries in self-imposed seclusion. First revealed to Westerners in the chronicles of...",Jonathan Clements,Julian Elfer,"Asia, Middle East, Middle Ages, World, Russia, Africa, Social Sciences, Imperialism, Ancient, Anthropology, China",History > Ancient,History,Ancient,8h 41m ,8h 25m left,2019-10-22,Tantor Media,,4.4,400,,Unabridged Audiobook,English,available,true,true,,,,,1515942910,,,"<p><b>This fascinating history tells the story of the people of Japan, from ancient teenage priest-queens to teeming hordes of salarymen, a nation that once sought to conquer China, yet also shut itself away for two centuries in self-imposed seclusion.</b></p> <p>First revealed to Westerners in the chronicles of Marco Polo, Japan was a legendary faraway land defended by a fearsome Kamikaze storm and ruled by a divine sovereign. It was the terminus of the Silk Road, the furthest end of the known world, a fertile source of inspiration for European artists, and an enduring symbol of the mysterious East. In recent times, it has become a powerhouse of global industry, a nexus of popular culture, and a harbinger of post-industrial decline.</p> <p>With intelligence and wit, author Jonathan Clements blends documentary and storytelling styles to connect the past, present, and future of Japan, and in broad yet detailed strokes reveals a country of paradoxes: a modern nation steeped in ancient traditions; a democracy with an emperor as head of state; a famously safe society built on 108 volcanoes resting on the world's most active earthquake zone; a fast-paced urban and technologically advanced country whose land consists predominantly of mountains and forests.</p>",,https://audible.com/pd/1515942910?ipRedirectOverride=true&overrideBaseCountry=true,,https://www.audible.com/webplayer?asin=1515942910,https://m.media-amazon.com/images/I/519LyhHAU8L._SL500_.jpg,https://www.goodreads.com/search?q=Jonathan%20Clements%20-%20A%20Brief%20History%20of%20Japan,__AYCL,"Samurai, Shogun and Zen: The Extraordinary Story of the Land of the Rising Sun",,true
Main,283,"The Secret of Life: Rosalind Franklin, James Watson, Francis Crick, and the Discovery of DNA's Double Helix",The Secret of Life,,,"An authoritative history of the race to unravel DNA’s structure, by one of our most prominent medical historians. James Watson and Francis Crick’s 1953 discovery of the double helix structure of DNA is the foundation of virtually every advance in our modern understanding of genetics and...",Howard Markel,Donald Corren,"History, History & Philosophy, Modern, Biological Sciences, Evolution & Genetics, Science, Professionals & Academics, Biographies & Memoirs, Genetics, 20th Century, Science & Technology",Biographies & Memoirs > Professionals & Academics,Biographies & Memoirs,Professionals & Academics,15h 5m ,14h 28m left,2021-09-21,Recorded Books,,4.7,94,,Unabridged Audiobook,English,available,true,true,,,,,B09CC99PZL,,,"<p><b>An authoritative history of the race to unravel DNA’s structure, by one of our most prominent medical historians.</b></p> <p>James Watson and Francis Crick’s 1953 discovery of the double helix structure of DNA is the foundation of virtually every advance in our modern understanding of genetics and molecular biology. But how did Watson and Crick do it? - and why were they the ones who succeeded?</p> <p>In truth, the discovery of DNA’s structure is the story of five towering minds in pursuit of the advancement of science, and for almost all of them, the prospect of fame and immortality: Watson, Crick, Rosalind Franklin, Maurice Wilkins, and Linus Pauling. Each was fascinating and brilliant, with strong personalities that often clashed. Howard Markel skillfully recreates the intense intellectual journey, and fraught personal relationships, that ultimately led to a spectacular breakthrough. But it is Rosalind Franklin - fiercely determined, relentless, and an outsider at Cambridge and the University of London in the 1950s, as the lone Jewish woman among young male scientists - who becomes a focal point for Markel.</p> <p><i>The Secret of Life</i> is a story of genius and perseverance, but also a saga of cronyism, misogyny, anti-Semitism, and misconduct. Drawing on voluminous archival research, including interviews with James Watson and with Franklin’s sister, Jenifer Glynn, Markel provides a fascinating look at how science is done, how reputations are undone, and how history is written, and revised. </p> <p>A vibrant evocation of Cambridge in the 1950s, Markel also provides colorful depictions of Watson and Crick - their competitiveness, idiosyncrasies, and youthful immaturity - and compelling portraits of Wilkins, Pauling, and most cogently, Rosalind Franklin. <i>The Secret of Life</i> is a lively and sweeping narrative of this landmark discovery, one that finally gives the woman at the center of this drama her due.</p>",,https://audible.com/pd/B09CC99PZL?ipRedirectOverride=true&overrideBaseCountry=true,,https://www.audible.com/webplayer?asin=B09CC99PZL,https://m.media-amazon.com/images/I/51RxNZwUe-L._SL500_.jpg,https://www.goodreads.com/search?q=Howard%20Markel%20-%20The%20Secret%20of%20Life,__AYCL,"Rosalind Franklin, James Watson, Francis Crick, and the Discovery of DNA's Double Helix",,true
Main,282,"Dear Girls: Intimate Tales, Untold Secrets & Advice for Living Your Best Life","Dear Girls: Intimate Tales, Untold Secrets & Advice for Living Your Best Life",,,"NEW YORK TIMES BESTSELLER Heartfelt and hilarious essays from the Emmy and Golden Globe Award–winning actress, star of the Netflix original series Beef, and two-time member of Time’s 100 Most Influential People of the Year list “A collection of letters to her baby girls that are...",Ali Wong,"Ali Wong, Justin Hakuta",,,,,,1h 42m left,,,,,,,,,,,,,,,true,1984841297,,,,,https://audible.com/pd/1984841297?ipRedirectOverride=true&overrideBaseCountry=true,,https://www.audible.com/webplayer?asin=1984841297,https://m.media-amazon.com/images/I/51Yu+XYTmzL._SL500_.jpg,https://www.goodreads.com/search?q=Ali%20Wong%20-%20Dear%20Girls%3A%20Intimate%20Tales%2C%20Untold%20Secrets%20%26%20Advice%20for%20Living%20Your%20Best%20Life,,,,true
Main,281,"The Code Breaker: Jennifer Doudna, Gene Editing, and the Future of the Human Race","The Code Breaker: Jennifer Doudna, Gene Editing, and the Future of the Human Race",,,"A 2022 Audie Award Finalist A Best Book of 2021 by Bloomberg BusinessWeek, Time, and The Washington Post The bestselling author of Leonardo da Vinci and Steve Jobs returns with a “compelling” (The Washington Post) account of how Nobel Prize winner Jennifer Doudna and her colleagues launched...","Walter Isaacson, Walter Isaacson - introduction",Kathe Mazur,,,,,,9m left,,,,,,,,,,,,,,,true,179711705X,,,,,https://audible.com/pd/179711705X?ipRedirectOverride=true&overrideBaseCountry=true,,https://www.audible.com/webplayer?asin=179711705X,https://m.media-amazon.com/images/I/41lx6aJxOLL._SL500_.jpg,https://www.goodreads.com/search?q=Walter%20Isaacson%20-%20The%20Code%20Breaker%3A%20Jennifer%20Doudna%2C%20Gene%20Editing%2C%20and%20the%20Future%20of%20the%20Human%20Race,,,,true
Main,280,A History of Japan: Revised Edition,A History of Japan,,,"A classic of Japanese history, this audiobook is the preeminent work on the history of Japan. Newly revised and updated, A History of Japan is a single-volume complete history of the nation of Japan. Starting in ancient Japan during its early pre-history period, A History of Japan covers every...","R. H. P. Mason, J. G. Caiger",Derek Perkins,"China, Iran, World, Middle Ages, Middle East, Japan, Asian American Studies, Social Sciences, Imperialism, Socialism, Taxation, Asia, Self-Determination",History > Asia,History,Asia,13h 7m ,4h 27m left,2018-11-27,Tantor Audio,,4.1,300,,Unabridged Audiobook,English,,true,true,,,,,1541449703,,,"<p>A classic of Japanese history, this audiobook is the preeminent work on the history of Japan. Newly revised and updated, <i>A History of Japan</i> is a single-volume complete history of the nation of Japan. Starting in ancient Japan during its early pre-history period, <i>A History of Japan</i> covers every important aspect of history and culture through feudal Japan to the post-Cold War period and collapse of the bubble economy in the early 1990s. Recent findings shed additional light on the origins of Japanese civilization and the birth of Japanese culture. </p> <p>Also included is an in-depth analysis of the Japanese religion, Japanese arts, Japanese culture, and the Japanese people from the sixth century BC to the present. This contemporary classic, now updated and revised, continues to be an essential work in Japanese studies. </p> <p><i>A History of Japan, Revised Edition </i>includes: </p> <ul><li>Archaic Japan - including Yamato, the creation of a unified state, the Nana Period, and the Heian period. </li><li>Medieval Japan - including rule by the military houses, the failure of Ashikaga rule, Buddhism, and the Kamakura and Muroachi periods. </li><li>Early modern Japan - including Japanese feudalism, administration under the Tokugawa, and society and culture in early modern Japan. </li><li>Modern Japan - including the Meiji era and policies for modernization, from consensus to crisis (1912-1937), and solutions through force. </li></ul> <p>This contemporary classic continues to be a central work in Japanese studies and is a vital addition to the collection of any student or enthusiast of Japanese history, Japanese culture, or the Japanese language.</p>",,https://audible.com/pd/1541449703?ipRedirectOverride=true&overrideBaseCountry=true,,https://www.audible.com/webplayer?asin=1541449703,https://m.media-amazon.com/images/I/51pA4Jn-zWL._SL500_.jpg,https://www.goodreads.com/search?q=R.%20H.%20P.%20Mason%20-%20A%20History%20of%20Japan,__AYCL,Revised Edition,,true
Main,279,Elon Musk,Elon Musk,,,"The #1 New York Times and global bestseller from Walter Isaacson—the acclaimed author of Steve Jobs, Einstein: His Life and World, Benjamin Franklin, and Leonardo da Vinci—is the astonishingly intimate story of the most fascinating, controversial innovator of modern times. For two years...","Walter Isaacson, Walter Isaacson - introduction",Jeremy Bobb,,,,,,1h 26m left,,,,,,,,,,,,,,,true,B0BX4SCV1V,,,,,https://audible.com/pd/B0BX4SCV1V?ipRedirectOverride=true&overrideBaseCountry=true,,https://www.audible.com/webplayer?asin=B0BX4SCV1V,https://m.media-amazon.com/images/I/41K9V8Va7PL._SL500_.jpg,https://www.goodreads.com/search?q=Walter%20Isaacson%20-%20Elon%20Musk,,,,true
Main,278,The Serviceberry,The Serviceberry,,,"An Instant New York Times Bestseller From the #1 New York Times bestselling author of Braiding Sweetgrass, a bold and inspiring vision for how to orient our lives around gratitude, reciprocity, and community, based on the lessons of the natural world. As Indigenous scientist and author of...",Robin Wall Kimmerer,Robin Wall Kimmerer,,,,,,1h 1m left,,,,,,,,,,,,,,,true,B0D2FGQMWT,,,,,https://audible.com/pd/B0D2FGQMWT?ipRedirectOverride=true&overrideBaseCountry=true,,https://www.audible.com/webplayer?asin=B0D2FGQMWT,https://m.media-amazon.com/images/I/41WHO7Ch28L._SL500_.jpg,https://www.goodreads.com/search?q=Robin%20Wall%20Kimmerer%20-%20The%20Serviceberry,,,,true
Main,277,Making Things Happen: Mastering Project Management,Making Things Happen,,,"Microsoft project veteran Scott Berkun offers a collection of essays on field-tested philosophies and strategies for defining, leading, and managing projects. Each essay distills complex concepts and challenges into practical nuggets of useful advice, and the new edition now adds more value for...",Scott Berkun,Ryan Burke,"Technology & Society, Business, Management, Management & Leadership, Software Development, History & Culture, Programming & Software Development, Project Management, Thought-Provoking",Business & Careers > Management & Leadership,Business & Careers,Management & Leadership,15h 12m ,5h 55m left,2020-10-20,Tantor Media,,4.3,41,,Unabridged Audiobook,English,,true,true,,,,,1705223508,,,"<p>Microsoft project veteran Scott Berkun offers a collection of essays on field-tested philosophies and strategies for defining, leading, and managing projects. Each essay distills complex concepts and challenges into practical nuggets of useful advice, and the new edition now adds more value for leaders and managers of projects everywhere. <i>Making Things Happen</i> doesn't cite specific methods but focuses on philosophy and strategy. Unlike other project management books, Berkun offers personal essays in a comfortable style and easy tone that emulate the relationship of a wise project manager who gives good, entertaining, and passionate advice to those who ask.</p> <p><i>Making Things Happen</i> offers in-depth exercises to help you apply lessons from the book to your job. It is inspiring, funny, honest, and compelling and definitely the one book that you and your team need to have within arm's reach throughout the life of your project. Coming from the rare perspective of someone who fought difficult battles on Microsoft's biggest projects and taught project design and management for MSTE, Microsoft's internal best practices group, this is valuable advice indeed. It will serve you well with your current work and on future projects to come.&nbsp;</p> <p><b>PLEASE NOTE: When you purchase this title, the accompanying PDF will be available in your Audible Library along with the audio.</b></p>",,https://audible.com/pd/1705223508?ipRedirectOverride=true&overrideBaseCountry=true,,https://www.audible.com/webplayer?asin=1705223508,https://m.media-amazon.com/images/I/61LYBdWIWHL._SL500_.jpg,https://www.goodreads.com/search?q=Scott%20Berkun%20-%20Making%20Things%20Happen,__AYCL,Mastering Project Management,,true
Main,276,Accelerando,Accelerando,,,"The Singularity. It is the era of the posthuman. Artificial intelligences have surpassed the limits of human intellect. Biotechnological beings have rendered people all but extinct. Molecular nanotechnology runs rampant, replicating and reprogramming at will. Contact with extraterrestrial life...",Charles Stross,George Guidall,"Space Opera, Thriller, Psychological, Technology, Thriller & Suspense, Fiction, Genre Fiction, Hard Science Fiction, Locus Award, Science Fiction, Technothrillers, Solar System",Literature & Fiction > Genre Fiction,Literature & Fiction,Genre Fiction,16h 30m ,13h 51m left,2014-03-19,Recorded Books,,3.9,766,,Unabridged Audiobook,English,available,true,true,,,,,B00J3542OI,,,"<p>The Singularity. It is the era of the posthuman. Artificial intelligences have surpassed the limits of human intellect. Biotechnological beings have rendered people all but extinct. Molecular nanotechnology runs rampant, replicating and reprogramming at will. Contact with extraterrestrial life grows more imminent with each new day. </p> <p>Struggling to survive and thrive in this accelerated world are three generations of the Macx clan: Manfred, an entrepreneur dealing in intelligence amplification technology whose mind is divided between his physical environment and the Internet; his daughter, Amber, on the run from her domineering mother, seeking her fortune in the outer system as an indentured astronaut; and Sirhan, Amber’s son, who finds his destiny linked to the fate of all of humanity. </p> <p>For something is systematically dismantling the nine planets of the solar system. Something beyond human comprehension. Something that has no use for biological life in any form... </p>",,https://audible.com/pd/B00J3542OI?ipRedirectOverride=true&overrideBaseCountry=true,,https://www.audible.com/webplayer?asin=B00J3542OI,https://m.media-amazon.com/images/I/61glSbkaaJL._SL500_.jpg,https://www.goodreads.com/search?q=Charles%20Stross%20-%20Accelerando,__AYCL,,,true
Main,275,Caste: The Origins of Our Discontents,Caste: The Origins of Our Discontents,,,#1 NEW YORK TIMES BESTSELLER NEW YORK TIMES READERS PICK: 100 BEST BOOKS OF THE 21st CENTURY OPRAH’S BOOK CLUB PICK ONE OF BARACK OBAMA’S FAVORITE BOOKS OF THE YEAR TIME’S #1 NONFICTION BOOK OF THE YEAR Referenced in the historic 2026 Supreme Court decision in the...,Isabel Wilkerson,Robin Miles,,,,,,12h 17m left,,,,,,,,,,,,,,,true,0593339800,,,,,https://audible.com/pd/0593339800?ipRedirectOverride=true&overrideBaseCountry=true,,https://www.audible.com/webplayer?asin=0593339800,https://m.media-amazon.com/images/I/51kQonCW+gL._SL500_.jpg,https://www.goodreads.com/search?q=Isabel%20Wilkerson%20-%20Caste%3A%20The%20Origins%20of%20Our%20Discontents,,,,true
Main,274,Orbital,Orbital,,,"WINNER OF THE BOOKER PRIZE 2024 Winner of the 2024 Hawthornden Prize Shortlisted for the 2024 Orwell Prize for Political Fiction Shortlisted for the 2024 Ursula K. Le Guin Prize for Fiction A singular new novel from Betty Trask Prize winner Samantha Harvey, Orbital is an eloquent meditation on...",Samantha Harvey,Sarah Naudi,,,,,,4h 20m left,,,,,,,,,,,,,,,true,B0CN1XH312,,,,,https://audible.com/pd/B0CN1XH312?ipRedirectOverride=true&overrideBaseCountry=true,,https://www.audible.com/webplayer?asin=B0CN1XH312,https://m.media-amazon.com/images/I/51XzxA7v9NL._SL500_.jpg,https://www.goodreads.com/search?q=Samantha%20Harvey%20-%20Orbital,,,,true
Main,273,Children and Environmental Toxins: What Everyone Needs to Know,Children and Environmental Toxins: What Everyone Needs to Know,,,"More than 80,000 new chemicals have been developed and released into the global environment during the last four decades. Today the World Health Organization attributes more than one-third of all childhood deaths to environmental causes, and as rates of childhood disease skyrocket - autism...","Mary M. Landrigan, Philip J. Landrigan",Karen White,,,,,,3h 38m left,,,,,,,,,,,,,,,true,B07FQSBFX3,,,,,https://audible.com/pd/B07FQSBFX3?ipRedirectOverride=true&overrideBaseCountry=true,,https://www.audible.com/webplayer?asin=B07FQSBFX3,https://m.media-amazon.com/images/I/51WCJaswOqL._SL500_.jpg,https://www.goodreads.com/search?q=Mary%20M.%20Landrigan%20-%20Children%20and%20Environmental%20Toxins%3A%20What%20Everyone%20Needs%20to%20Know,,,,true
Main,272,Patriot: A Memoir,Patriot: A Memoir,,,"NEW YORK TIMES BESTSELLER A NATIONAL BOOK CRITICS CIRCLE AWARD WINNER BEST BOOK OF THE YEAR: THE NEW YORKER, THE ATLANTIC, NPR The powerful and moving memoir of a fearless political opposition leader who paid the ultimate price for his beliefs. ""Patriot is by turns funny, fiery...",Alexei Navalny,Matthew Goode,,,,,,12h 4m left,,,,,,,,,,,,,,,true,B0D15FNM82,,,,,https://audible.com/pd/B0D15FNM82?ipRedirectOverride=true&overrideBaseCountry=true,,https://www.audible.com/webplayer?asin=B0D15FNM82,https://m.media-amazon.com/images/I/418M9-51niL._SL500_.jpg,https://www.goodreads.com/search?q=Alexei%20Navalny%20-%20Patriot%3A%20A%20Memoir,,,,true
Main,271,Flowers for Algernon,Flowers for Algernon,,,"Charlie Gordon knows that he isn't very bright. At 32, he mops floors in a bakery and earns just enough to get by. Three evenings a week, he studies at a center for mentally challenged adults. But all of this is about to change for Charlie. As part of a daring experiment, doctors are going to...",Daniel Keyes,Jeff Woodman,"Funny, Thought-Provoking, Heartfelt, Fiction, Science Fiction, Fantasy, Nebula Award, Feel-Good, Suspenseful",Science Fiction & Fantasy > Fantasy,Science Fiction & Fantasy,Fantasy,8h 58m ,,2009-08-31,Recorded Books,,4.6,12477,,Unabridged Audiobook,English,available,true,true,,,,,B002V8HNB8,,,"Charlie Gordon knows that he isn't very bright. At 32, he mops floors in a bakery and earns just enough to get by. Three evenings a week, he studies at a center for mentally challenged adults. But all of this is about to change for Charlie. As part of a daring experiment, doctors are going to perform surgery on Charlie's brain. They hope the operation and special medication will increase his intelligence, just as it has for the laboratory mouse, Algernon. Meanwhile, each day Charlie keeps a diary of what is happening to him. This is his poignant record of the startling changes in his mind and his life. <p><i>Flowers for Algernon</i> was first published as a short story, but soon received wide acclaim as it appeared in anthologies, as a television special, and as an award-winning motion picture, <i>Charly</i>. In its final, expanded form, this haunting story won the Nebula Award for the Best Novel of the Year. Through Jeff Woodman's narration, it now becomes an unforgettable audio experience.</p>",,https://audible.com/pd/B002V8HNB8?ipRedirectOverride=true&overrideBaseCountry=true,,https://www.audible.com/webplayer?asin=B002V8HNB8,https://m.media-amazon.com/images/I/41Y1zltUL9L._SL500_.jpg,https://www.goodreads.com/search?q=Daniel%20Keyes%20-%20Flowers%20for%20Algernon,__AYCL,,,true
Main,270,"The Reason for Flowers: Their History, Culture, Biology, and How They Change Our Lives",The Reason for Flowers,,,"Flowers, and the fruits that follow, feed, clothe, sustain, and inspire all humanity. Flowers are used to celebrate all-important occasions, to express love, and are also the basis of global industries. Americans buy 10 million flowers a day, and perfumes are a worldwide industry worth $30...",Stephen Buchmann,Jonathan Yen,"Science, Natural History, Gardening, Biological Sciences, Botany & Plants, Nature & Ecology, Outdoors & Nature, Natural Resource",Science & Engineering > Science,Science & Engineering,Science,14h 23m ,10h 47m left,2015-07-21,Tantor Audio,,4.2,54,,Unabridged Audiobook,English,available,true,true,,,,,B011EV50RG,,,"<p>Flowers, and the fruits that follow, feed, clothe, sustain, and inspire all humanity. Flowers are used to celebrate all-important occasions, to express love, and are also the basis of global industries. Americans buy 10 million flowers a day, and perfumes are a worldwide industry worth $30 billion annually. Stephen Buchmann takes us along on an exploratory journey of the roles flowers play in the production of our foods, spices, medicines, and perfumes while simultaneously bringing joy and health. </p> <p>Flowering plants continue to serve as inspiration in our myths and legends, in the fine and decorative arts, and in literary works of prose and poetry. Flowers seduce us - and animals, too - through their myriad shapes, colors, textures, and scents. Here he integrates fascinating stories about the many colorful personalities who populate the world of flowers and the flowers and pollinators themselves with a research-based narrative that illuminates just why there is, indeed, a <i>Reason for Flowers</i>. </p>",,https://audible.com/pd/B011EV50RG?ipRedirectOverride=true&overrideBaseCountry=true,,https://www.audible.com/webplayer?asin=B011EV50RG,https://m.media-amazon.com/images/I/51jUPD1ONgL._SL500_.jpg,https://www.goodreads.com/search?q=Stephen%20Buchmann%20-%20The%20Reason%20for%20Flowers,__AYCL,"Their History, Culture, Biology, and How They Change Our Lives",,true
Main,269,The Lessons of History,The Lessons of History,,,"The authors devoted five decades to the study of world history and philosophy, culminating in the masterful 11-volume Story of Civilization....","Will, Ariel Durant",Grover Gardner,"Inspiring, Scary, World, Thought-Provoking, Ancient, Socialism, Capitalism",History > Ancient,History,Ancient,5h 35m ,4h 38m left,2004-05-27,"Blackstone Audio, Inc.",,4.4,4213,,Unabridged Audiobook,English,available,true,true,,,,,B002V08DQ0,,,"<p><b>A concise survey of the culture and civilization of mankind, </b><b><i>The Lessons of History</i></b><b> is the result of a lifetime of research from Pulitzer Prize–winning historians Will and Ariel Durant.</b></p> <p>The authors devoted five decades to the study of world history and philosophy, culminating in the masterful eleven-volume <i>Story of Civilization</i>. In this compact summation of their work, Will and Ariel Durant share the vital and profound lessons of our collective past. Their perspective, gained after a lifetime of thinking and writing about the history of humankind, is an invaluable resource for us today. The rare archival recordings of the Durants in conversation, made from 1957–1977, illuminate our present condition and offer insightful guidance for the future.</p>",,https://audible.com/pd/B002V08DQ0?ipRedirectOverride=true&overrideBaseCountry=true,,https://www.audible.com/webplayer?asin=B002V08DQ0,https://m.media-amazon.com/images/I/51l-ZTRJyWL._SL500_.jpg,https://www.goodreads.com/search?q=Will%20-%20The%20Lessons%20of%20History,__AYCL,,,true
Main,268,From the Wizarding Archive: Curated Writing from the World of Harry Potter,From the Wizarding Archive: Curated Writing from the World of Harry Potter,,,"If you’ve ever wondered why Squibs are never offered a place at Hogwarts, what happened when Vernon Dursley first met James Potter, or how Dumbledore and McGonagall formed their lifelong friendship, From the Wizarding Archive should go straight to the top of your wish list.","J.K. Rowling, Evanna Lynch - foreword","Evanna Lynch, Hugh Quarshie, Finlay Robertson, Lara Sawalha",,,,,,9m left,,,,,,,,,,,,,,,true,B0D8WJYH3L,,,,,https://audible.com/pd/B0D8WJYH3L?ipRedirectOverride=true&overrideBaseCountry=true,,https://www.audible.com/webplayer?asin=B0D8WJYH3L,https://m.media-amazon.com/images/I/514dXaFcC9L._SL500_.jpg,https://www.goodreads.com/search?q=J.K.%20Rowling%20-%20From%20the%20Wizarding%20Archive%3A%20Curated%20Writing%20from%20the%20World%20of%20Harry%20Potter,,,,true
Main,267,A Poison Like No Other: How Microplastics Corrupted Our Planet and Our Bodies,A Poison Like No Other,,,"It's in our food, our clothes, and our homes. It's microplastic and it's everywhere—including our own bodies. Scientists are just beginning to discover how these tiny particles threaten health, but the studies are alarming. In A Poison Like No Other, Matt Simon reveals a whole new dimension to...",Matt Simon,Adam Verner,"Nature & Ecology, Environment, Physical Illness & Disease, Outdoors & Nature, Conservation, Engineering, Environmental, Science",Health & Wellness > Physical Illness & Disease,Health & Wellness,Physical Illness & Disease,6h 36m ,Finished,2022-10-27,Tantor Media,,4.5,26,,Unabridged Audiobook,English,available,true,true,,,,,B0BHZXDXV9,,,"<p>It's in our food, our clothes, and our homes. It's microplastic and it's everywhere—including our own bodies. Scientists are just beginning to discover how these tiny particles threaten health, but the studies are alarming.</p> <p>In A Poison Like No Other, Matt Simon reveals a whole new dimension to the plastic crisis. Dealing with discarded plastic is bad enough, but when it starts to break down, the real trouble begins. The very thing that makes plastic so useful and ubiquitous—its toughness—means it never really goes away. It just gets smaller and smaller: eventually small enough to enter your lungs or be absorbed by crops or penetrate a fish's muscle tissue before it becomes dinner.</p> <p>Unlike other pollutants, microplastics represent a cocktail of toxicity: plastics contain at least 10,000 different chemicals. Those chemicals are linked to diseases from diabetes to hormone disruption to cancers.</p> <p>A Poison Like No Other is the first book to fully explore this public health threat. As Simon learns from these researchers, there is no easy fix. But we will never curb our plastic addiction until we begin to recognize the invisible particles all around us.</p>",,https://audible.com/pd/B0BHZXDXV9?ipRedirectOverride=true&overrideBaseCountry=true,,https://www.audible.com/webplayer?asin=B0BHZXDXV9,https://m.media-amazon.com/images/I/41WUySCXEUL._SL500_.jpg,https://www.goodreads.com/search?q=Matt%20Simon%20-%20A%20Poison%20Like%20No%20Other,__AYCL,How Microplastics Corrupted Our Planet and Our Bodies,,true
Main,266,Natural Acts: A Sidelong View of Science and Nature,Natural Acts,,,"""Lively writing about science and nature depends less on the offering of good answers, I think, than on the offering of good questions,"" said David Quammen in the original introduction to Natural Acts. For more than two decades, he has stuck to that credo. In this updated version of Natural Acts...",David Quammen,Patrick Lawlor,"Nature & Ecology, Science, Ecology, Biology, Biological Sciences, Outdoors & Nature, Africa",Science & Engineering > Science,Science & Engineering,Science,13h 31m ,12h 1m left,2022-06-28,Tantor Audio,,4.8,18,,Unabridged Audiobook,English,available,true,true,,,,,B0B489FPGB,,,"<p>""Lively writing about science and nature depends less on the offering of good answers, I think, than on the offering of good questions,"" said David Quammen in the original introduction to <i>Natural Acts</i>. For more than two decades, he has stuck to that credo. In this updated version of <i>Natural Acts</i>, curiosity leads him from New Mexico to Romania, from the Congo to the Amazon, asking questions about mosquitoes (what are their redeeming merits?), dinosaurs (how did they change the life of a dyslexic Vietnam vet?), and cloning (can it save endangered species?).</p> <p>This revised and expanded edition best-loved ""Natural Acts"" columns, which first appeared in <i>Outside</i> magazine in the early 1980s, and includes recent pieces such as ""Planet of Weeds,"" an influential new <i>Natural Acts</i> is an eye-opening journey that will please both Quammen fans and newcomers to his work.</p>",,https://audible.com/pd/B0B489FPGB?ipRedirectOverride=true&overrideBaseCountry=true,,https://www.audible.com/webplayer?asin=B0B489FPGB,https://m.media-amazon.com/images/I/51ZZCWKWCEL._SL500_.jpg,https://www.goodreads.com/search?q=David%20Quammen%20-%20Natural%20Acts,__AYCL,A Sidelong View of Science and Nature,,true
Main,265,El Amor en los Tiempos del Cólera [Love in the Time of Cholera],El Amor en los Tiempos del Cólera [Love in the Time of Cholera],,,"De jóvenes, Florentino Ariza y Fermina Daza se enamoran apasionadamente, pero Fermina eventualmente decide casarse con un médico rico y de muy buena familia. Florentino estáanonadado, pero es un romántico. Su carrera en los negocios florece, y aunquesostiene 622 pequeños romances, su...",Gabriel García Márquez,Hector Almenara,,,,,,13h 9m left,,,,,,,,,,,,,,,true,B00SX7KDRC,,,,,https://audible.com/pd/B00SX7KDRC?ipRedirectOverride=true&overrideBaseCountry=true,,https://www.audible.com/webplayer?asin=B00SX7KDRC,https://m.media-amazon.com/images/I/51HUUi5qsyL._SL500_.jpg,https://www.goodreads.com/search?q=Gabriel%20Garc%C3%ADa%20M%C3%A1rquez%20-%20El%20Amor%20en%20los%20Tiempos%20del%20C%C3%B3lera%20%5BLove%20in%20the%20Time%20of%20Cholera%5D,,,,true
Main,264,Notes of a Native Son,Notes of a Native Son,,,"At last, a new audio edition of the book many have called James Baldwin's most influential work! Written during the 1940s and early 1950s, when Baldwin was only in his 20s, the essays collected in Notes of a Native Son capture a view of Black life and Black thought at the dawn of the civil...",James Baldwin,Ron Butler,,,,,,4h 44m left,,,,,,,,,,,,,,,true,B00SK5P8KO,,,,,https://audible.com/pd/B00SK5P8KO?ipRedirectOverride=true&overrideBaseCountry=true,,https://www.audible.com/webplayer?asin=B00SK5P8KO,https://m.media-amazon.com/images/I/51ulVK+51eL._SL500_.jpg,https://www.goodreads.com/search?q=James%20Baldwin%20-%20Notes%20of%20a%20Native%20Son,,,,true
Main,263,The Truths We Hold: An American Journey,The Truths We Hold: An American Journey,,,"#1 NEW YORK TIMES BESTSELLER In her acclaimed memoir, former Vice President and Democratic presidential nominee Kamala Harris delivers “a life story that genuinely entrances” (Los Angeles Times) as she looks back on how she was shaped by the core truths that unite us. “An engaging read...",Kamala Harris,Kamala Harris,,,,,,1h 24m left,,,,,,,,,,,,,,,true,B07FTSJVTB,,,,,https://audible.com/pd/B07FTSJVTB?ipRedirectOverride=true&overrideBaseCountry=true,,https://www.audible.com/webplayer?asin=B07FTSJVTB,https://m.media-amazon.com/images/I/41ZH9fo23EL._SL500_.jpg,https://www.goodreads.com/search?q=Kamala%20Harris%20-%20The%20Truths%20We%20Hold%3A%20An%20American%20Journey,,,,true
Main,262,Ulysses,Ulysses,,,"The first authorized, unabridged release of this timeless classic and exclusively available from Recorded Books. Ulysses records the events of a single day, June 16, 1904, in Dublin, Ireland...",James Joyce,Donal Donnelly,"Classics, Witty, Thought-Provoking, Funny",Literature & Fiction > Classics,Literature & Fiction,Classics,42h 19m ,,2013-01-11,Recorded Books,,4,350,,Unabridged Audiobook,English,available,true,true,,,,,B00AZO9BMO,,,"<p>The first authorized, unabridged release of this timeless classic and exclusively available from Recorded Books. <i>Ulysses</i> records the events of a single day, June 16, 1904, in Dublin, Ireland.</p>",,https://audible.com/pd/B00AZO9BMO?ipRedirectOverride=true&overrideBaseCountry=true,,https://www.audible.com/webplayer?asin=B00AZO9BMO,https://m.media-amazon.com/images/I/51nHrugaSkL._SL500_.jpg,https://www.goodreads.com/search?q=James%20Joyce%20-%20Ulysses,__AYCL,,,true
Main,261,The Big Money,The Big Money,U.S.A. (book 3),3,"The Big Money completes John Dos Passos's three-volume ""fable of America's materialistic success and moral decline"" (American Heritage) and marks the end of ""one of the most ambitious projects that an American novelist has ever undertaken"" (Time). Here, we come back to America after the war and...",John Dos Passos,David Drummond,"Classics, Inspiring",Literature & Fiction > Classics,Literature & Fiction,Classics,19h 30m ,,2011-01-10,Tantor Audio,,4.4,135,,Unabridged Audiobook,English,available,true,true,,,,,B004IAYOM8,,,"<p><i>The Big Money</i> completes John Dos Passos's three-volume ""fable of America's materialistic success and moral decline"" (<i>American Heritage</i>) and marks the end of ""one of the most ambitious projects that an American novelist has ever undertaken"" (<i>Time</i>). </p> <p>Here, we come back to America after the war and find a nation on the upswing. Industrialism booms. The stock market surges. Lindbergh takes his solo flight. Henry Ford makes automobiles. From New York to Hollywood, love affairs to business deals, it is a country taking the turns too fast, speeding toward the crash of 1929. </p> <p>Ultimately, the novels of the U.S.A. trilogy - both individually and as a whole - paint a sweeping portrait of collective America and showcase the brilliance and bravery of one of its most enduring and admired writers.</p>",,https://audible.com/pd/B004IAYOM8?ipRedirectOverride=true&overrideBaseCountry=true,,https://www.audible.com/webplayer?asin=B004IAYOM8,https://m.media-amazon.com/images/I/51pjFLF14iL._SL500_.jpg,https://www.goodreads.com/search?q=John%20Dos%20Passos%20-%20The%20Big%20Money,__AYCL,,,true
Main,260,1919,1919,U.S.A. (book 2),2,"With 1919, the second volume of his U.S.A. trilogy, John Dos Passos continues his ""vigorous and sweeping panorama of 20th-century America"" (Forum), lauded on publication of the first volume not only for its scope but also for its groundbreaking style. Again employing a host of experimental...",John Dos Passos,David Drummond,"Literary Fiction, Historical Fiction, Classics, Fiction, Genre Fiction, War",Literature & Fiction > Classics,Literature & Fiction,Classics,16h 8m ,,2010-11-09,Tantor Audio,,4.2,172,,Unabridged Audiobook,English,available,true,true,,,,,B004BFZGYU,,,"<p>With <i>1919</i>, the second volume of his U.S.A. trilogy, John Dos Passos continues his ""vigorous and sweeping panorama of 20th-century America"" (<i>Forum</i>), lauded on publication of the first volume not only for its scope but also for its groundbreaking style. Again employing a host of experimental devices that would inspire a whole new generation of writers to follow, Dos Passos captures the many textures, flavors, and background noises of modern life with a cinematic touch and unparalleled nerve. </p> <p> The novel opens to find America and the world at war, and Dos Passos's characters, many of whom we met in the first volume, are thrown into the snarl. We follow the daughter of a Chicago minister, a wide-eyed Texas girl, a young poet, and a radical Jew, and we glimpse Woodrow Wilson, Theodore Roosevelt, and the Unknown Soldier.</p>",,https://audible.com/pd/B004BFZGYU?ipRedirectOverride=true&overrideBaseCountry=true,,https://www.audible.com/webplayer?asin=B004BFZGYU,https://m.media-amazon.com/images/I/51O2vTS3YiL._SL500_.jpg,https://www.goodreads.com/search?q=John%20Dos%20Passos%20-%201919,__AYCL,,,true
Main,259,The 42nd Parallel,The 42nd Parallel,U.S.A. (book 1),1,This first entry in John Dos Passos's celebrated U.S.A. trilogy paints a grand picture of the United States at the dawn of the twentieth century...,John Dos Passos,David Drummond,,,,,,13h 30m left,,,,,,,,,,true,,,,,true,B0040H5JYG,,,,,https://audible.com/pd/B0040H5JYG?ipRedirectOverride=true&overrideBaseCountry=true,,https://www.audible.com/webplayer?asin=B0040H5JYG,https://m.media-amazon.com/images/I/51STDYSAF7L._SL500_.jpg,https://www.goodreads.com/search?q=John%20Dos%20Passos%20-%20The%2042nd%20Parallel,__AYCL,,,true
Main,258,The Loved One,The Loved One,,,"""A work of art as rich and subtle and unnerving as anything its author has ever done"" (New Yorker), The Loved One is Evelyn Waugh's cutting satire of 1940s California and the Anglo-American cultural divide. Following the death of a friend, the poet and pets' mortician Dennis Barlow finds himself...",Evelyn Waugh,Simon Prebble,,,,,3h 24m,,,,,,,,,,,,,,,,true,B00AJ35F44,,,,,https://audible.com/pd/B00AJ35F44?ipRedirectOverride=true&overrideBaseCountry=true,,https://www.audible.com/webplayer?asin=B00AJ35F44,https://m.media-amazon.com/images/I/51uBIbYwd0L._SL500_.jpg,https://www.goodreads.com/search?q=Evelyn%20Waugh%20-%20The%20Loved%20One,,,,true
Main,257,Being Mortal: Medicine and What Matters in the End,Being Mortal: Medicine and What Matters in the End,,,"#1 New York Times Bestseller In Being Mortal, bestselling author Atul Gawande tackles the hardest challenge of his profession: how medicine can not only improve life but also the process of its ending Medicine has triumphed in modern times, transforming birth, injury, and infectious disease from...",Atul Gawande,Robert Petkoff,,,,,,10m left,,,,,,,,,,,,,,,true,B00NPB6OBU,,,,,https://audible.com/pd/B00NPB6OBU?ipRedirectOverride=true&overrideBaseCountry=true,,https://www.audible.com/webplayer?asin=B00NPB6OBU,https://m.media-amazon.com/images/I/51E6MRmkqwL._SL500_.jpg,https://www.goodreads.com/search?q=Atul%20Gawande%20-%20Being%20Mortal%3A%20Medicine%20and%20What%20Matters%20in%20the%20End,,,,true
Main,256,The Singularity Is Nearer: When We Merge with AI,The Singularity Is Nearer: When We Merge with AI,,,"The noted inventor and futurist’s successor to his landmark book The Singularity Is Near explores how technology will transform the human race in the decades to come Since it was first published in 2005, Ray Kurzweil’s The Singularity Is Near and its vision of an exponential future have...",Ray Kurzweil,Adam Barr,,,,,10h 25m,,,,,,,,,,,,,,,,true,0593148916,,,,,https://audible.com/pd/0593148916?ipRedirectOverride=true&overrideBaseCountry=true,,https://www.audible.com/webplayer?asin=0593148916,https://m.media-amazon.com/images/I/51u9mxDVWoL._SL500_.jpg,https://www.goodreads.com/search?q=Ray%20Kurzweil%20-%20The%20Singularity%20Is%20Nearer%3A%20When%20We%20Merge%20with%20AI,,,,true
Main,255,Blue Pastures,Blue Pastures,,,"""""A gathering of gorgeous short pieces"""" (Library Journal), Blue Pastures collects fifteen of Pulitzer Prize– and National Book Award–winning poet Mary Oliver's prose works about nature, writing, and herself. """"This transcendent collection is Oliver's joyful sharing of her love of her craft...",Mary Oliver,Kimberly Farr,,,,,,10m left,,,,,,,,,,,,,,,true,B0CRX5LMJ9,,,,,https://audible.com/pd/B0CRX5LMJ9?ipRedirectOverride=true&overrideBaseCountry=true,,https://www.audible.com/webplayer?asin=B0CRX5LMJ9,https://m.media-amazon.com/images/I/31YUhU8PWVL._SL500_.jpg,https://www.goodreads.com/search?q=Mary%20Oliver%20-%20Blue%20Pastures,,,,true
Main,254,"Fevers, Feuds, and Diamonds: Ebola and the Ravages of History","Fevers, Feuds, and Diamonds: Ebola and the Ravages of History",,,"In 2014, Sierra Leone, Liberia, and Guinea suffered the worst epidemic of Ebola in history. The brutal virus spread rapidly through a clinical desert, where basic health-care facilities were few and far between....",Paul Farmer,Pete Cross,,,,,,21h 51m left,,,,,,,,,,,,,,,true,1662050607,,,,,https://audible.com/pd/1662050607?ipRedirectOverride=true&overrideBaseCountry=true,,https://www.audible.com/webplayer?asin=1662050607,https://m.media-amazon.com/images/I/51WgBDPtjvL._SL500_.jpg,https://www.goodreads.com/search?q=Paul%20Farmer%20-%20Fevers%2C%20Feuds%2C%20and%20Diamonds%3A%20Ebola%20and%20the%20Ravages%20of%20History,,,,true
Main,253,"Wellness, Actually with Emily Oster & Perry Wilson, MD","Wellness, Actually with Emily Oster & Perry Wilson, MD",,,"A staggering amount of health and wellness news and information is bombarding us everywhere we look – and who’s got time to parse it out, to ...",iHeartPodcasts,,,,,,,,,,,,,,Podcast,,,,,,,,true,B0B77X9PDK,,,,,https://audible.com/pd/B0B77X9PDK?ipRedirectOverride=true&overrideBaseCountry=true,,https://www.audible.com/webplayer?asin=B0B77X9PDK,https://m.media-amazon.com/images/I/51y3mIOKZvL._SL500_.jpg,https://www.goodreads.com/search?q=iHeartPodcasts%20-%20Wellness%2C%20Actually%20with%20Emily%20Oster%20%26%20Perry%20Wilson%2C%20MD,,,true,true
Main,252,Infections and Inequalities: The Modern Plagues,Infections and Inequalities,,,"Paul Farmer has battled AIDS in rural Haiti and deadly strains of drug-resistant tuberculosis in the slums of Peru. A physician-anthropologist with more than fifteen years in the field, Farmer writes from the front lines of the war against these modern plagues and shows why, even more than those...",Paul Farmer,Derek Shoales,"Health, Mental Health, Physical Illness & Disease, Anthropology, Medicine & Health Care Industry, Public Health, Medicine, Africa",Health & Wellness > Medicine & Health Care Industry,Health & Wellness,Medicine & Health Care Industry,11h 46m ,&lt;1 min,2022-11-22,Tantor Audio,,4.7,15,,Unabridged Audiobook,English,available,true,true,,,,,B0BMD5W99C,,,"<p>Paul Farmer has battled AIDS in rural Haiti and deadly strains of drug-resistant tuberculosis in the slums of Peru. A physician-anthropologist with more than fifteen years in the field, Farmer writes from the front lines of the war against these modern plagues and shows why, even more than those of history, they target the poor. This ""peculiarly modern inequality"" that permeates AIDS, TB, malaria, and typhoid in the modern world, and that feeds emerging (or re-emerging) infectious diseases such as Ebola and cholera, is laid bare in Farmer's harrowing memoir rife with stories about diseases and human suffering.</p> <p>Farmer points out that most current explanatory strategies, from ""cost-effective treatment"" to patient ""noncompliance,"" inevitably lead to blaming the victims. In reality, larger forces, global as well as local, determine why some people are sick and others are shielded from risk. Farmer writes of what can be done in the face of seemingly overwhelming odds, by physicians and medical students determined to treat those in need: whether in their home countries or through medical outreach programs like Doctors without Borders. Infections and Inequalities weds meticulous scholarship in medical anthropology with a passion for solutions—remedies for the plagues of the poor and the social illnesses that have sustained them.</p>",,https://audible.com/pd/B0BMD5W99C?ipRedirectOverride=true&overrideBaseCountry=true,,https://www.audible.com/webplayer?asin=B0BMD5W99C,https://m.media-amazon.com/images/I/51hxUTK8PJL._SL500_.jpg,https://www.goodreads.com/search?q=Paul%20Farmer%20-%20Infections%20and%20Inequalities,__AYCL,The Modern Plagues,,true
Main,251,Parentesco,Parentesco,,,"Más de treinta y cinco años después de su lanzamiento, Parentesco sigue atrayendo a nuevos lectores con su profunda exploración de la violencia y la perdida de la humanidad causada por la esclavitud en Estados Unidos, y el impacto complejo y duradero que aun tiene este hecho histórico en la...",Octavia E. Butler,Isolda Peguero,"Science Fiction, African American, Fantasy, Time Travel",Literature & Fiction > African American,Literature & Fiction,African American,13h 20m ,,2021-06-18,BookaVivo,,4.2,13,,Unabridged Audiobook,Spanish,,true,true,,,,,1638111316,,,"<p>Más de treinta y cinco años después de su lanzamiento, <i>Parentesco </i>sigue atrayendo a nuevos lectores con su profunda exploración de la violencia y la perdida de la humanidad causada por la esclavitud en Estados Unidos, y el impacto complejo y duradero que aun tiene este hecho histórico en la actualidad.</p> <p>La obra más famosa de Butler, aclamada por la crítica, cuenta la historia de Dana, una joven negra que de repente e inexplicablemente es transportada desde su hogar en la California de la década de 1970 hasta la guerra civil. Mientras viaja en el tiempo entre ambos mundos, uno en el que es una mujer libre y otro en el que forma parte de su propia y complicada historia familiar en una plantación del sur, se enreda aterradoramente en la vida de Rufus, un conflictivo esclavista que es a la vez un antepasado de Dana, y en las vidas de las muchas personas que están esclavizadas por él.</p> <p>Considerada como una obra esencial dentro de los géneros feminista, de ciencia ficción y fantasía, y una piedra angular del movimiento afrofuturista, se han vendido mas de medio millón de copias de <i>Parentesco</i>. La interseccionalidad de la raza, la historia y el tratamiento de las mujeres abordada en este audiolibro sigue siendo un tema crítico en el diálogo contemporáneo, tanto en el aula como en la esfera pública. Inquietante, convincente y de una rica imaginación, <i>Parentesco </i>ofrece una mirada inquebrantable a nuestra complicada historia social.</p>",,https://audible.com/pd/1638111316?ipRedirectOverride=true&overrideBaseCountry=true,,https://www.audible.com/webplayer?asin=1638111316,https://m.media-amazon.com/images/I/51seO2mdtGL._SL500_.jpg,https://www.goodreads.com/search?q=Octavia%20E.%20Butler%20-%20Parentesco,__AYCL,,,true
Main,250,The Left Hand of Darkness,The Left Hand of Darkness,The Hainish Cycle (book 4),4,"Winner of the Hugo and Nebula Awards. A groundbreaking work of science fiction, The Left Hand of Darkness tells the story of a lone human emissary to Winter, an alien world whose inhabitants can change their gender. His goal is to facilitate Winter's inclusion in a growing intergalactic...",Ursula K. Le Guin,George Guidall,"Science Fiction, Scary, Nebula Award, Fantasy, Suspenseful, Classics, Epic, First Contact, Hugo Award, Thought-Provoking",Literature & Fiction > Classics,Literature & Fiction,Classics,9h 39m ,,2016-12-28,Recorded Books,,4.1,5931,,Unabridged Audiobook,English,available,true,true,,,,,B01NH0D987,,,"<p>Winner of the Hugo and Nebula Awards. </p> <p>A groundbreaking work of science fiction, <i>The Left Hand of Darkness</i> tells the story of a lone human emissary to Winter, an alien world whose inhabitants can change their gender. His goal is to facilitate Winter's inclusion in a growing intergalactic civilization. But to do so he must bridge the gulf between his own views and those of the completely dissimilar culture that he encounters. Embracing the aspects of psychology, society, and human emotion on an alien world, <i>The Left Hand of Darkness</i> stands as a landmark achievement in the annals of intellectual science fiction. </p>",,https://audible.com/pd/B01NH0D987?ipRedirectOverride=true&overrideBaseCountry=true,,https://www.audible.com/webplayer?asin=B01NH0D987,https://m.media-amazon.com/images/I/41Y2-V4+aTL._SL500_.jpg,https://www.goodreads.com/search?q=Ursula%20K.%20Le%20Guin%20-%20The%20Left%20Hand%20of%20Darkness,__AYCL,,,true
Main,249,"In Love & Struggle, Vol. 3: The Future Is Around Us","In Love & Struggle, Vol. 3: The Future Is Around Us",,,"Created by The Meteor, In Love and Struggle, Vol. 3 brings together a group of visionary Black women and nonbinary people for a series of unforgettable evenings filled with storytelling, music, comedy, and monologues.",The Meteor,"Cree Summer, Zainab Johnson, Amanda Seales, Mahogany L. Browne, Nona Hendryx, Sol, Dr. Sami Schalk, adrienne maree brown",,,,,1h 15m,,,,,,,,,,,true,,,,,true,B0CX5TT1HD,,,,,https://audible.com/pd/B0CX5TT1HD?ipRedirectOverride=true&overrideBaseCountry=true,,https://www.audible.com/webplayer?asin=B0CX5TT1HD,https://m.media-amazon.com/images/I/51GxMpgJMnL._SL500_.jpg,https://www.goodreads.com/search?q=The%20Meteor%20-%20In%20Love%20%26%20Struggle%2C%20Vol.%203%3A%20The%20Future%20Is%20Around%20Us,__AYCL,,,true
Main,248,Unexpected Stories: Two Novellas,Unexpected Stories: Two Novellas,,,"This exciting collection presents two previously unpublished stories by SF legend Butler. ""A Necessary Being"" precedes the events of Survivor, Butler's third (famously disowned) installment in her Patternist series, and includes characters from it, focusing exclusively on the Kohn, aliens who...",Octavia E. Butler,Robin Miles,,,,,2h 24m,,,,,,,,,,,true,true,,,true,true,B07KWDMJK5,,,,,https://audible.com/pd/B07KWDMJK5?ipRedirectOverride=true&overrideBaseCountry=true,,https://www.audible.com/webplayer?asin=B07KWDMJK5,https://m.media-amazon.com/images/I/51qizhluBqL._SL500_.jpg,https://www.goodreads.com/search?q=Octavia%20E.%20Butler%20-%20Unexpected%20Stories%3A%20Two%20Novellas,__AYCL,,,true
Main,247,Fledgling,Fledgling,,,"This is the story of an apparently young, amnesiac girl whose alarmingly unhuman needs and abilities lead her to a startling conclusion: She is in fact a genetically modified, 53-year-old vampire. Forced to discover what she can about her stolen former life, she must at the same time learn who...",Octavia E. Butler,Adenrele Ojo,"Paranormal, Paranormal & Urban, Science Fiction, Fantasy, Genetic Engineering, Black Creators, Vampires",Romance > Paranormal,Romance,Paranormal,12h 22m ,,2020-03-09,Recorded Books,,4.3,1227,,Unabridged Audiobook,English,available,true,true,,,,,1980032017,,,"<p>This is the story of an apparently young, amnesiac girl whose alarmingly unhuman needs and abilities lead her to a startling conclusion: She is in fact a genetically modified, 53-year-old vampire. Forced to discover what she can about her stolen former life, she must at the same time learn who wanted - and still wants - to destroy her and those she cares for and how she can save herself.</p>",,https://audible.com/pd/1980032017?ipRedirectOverride=true&overrideBaseCountry=true,,https://www.audible.com/webplayer?asin=1980032017,https://m.media-amazon.com/images/I/41F3ldGTjRL._SL500_.jpg,https://www.goodreads.com/search?q=Octavia%20E.%20Butler%20-%20Fledgling,__AYCL,,,true
Main,246,"Wild Seed: The Patternist Series, Book 1",Wild Seed,Patternist (book 1),1,"As the acclaimed Patternist science-fiction series begins, two immortals meet in the long-ago past - and mankind's destiny is changed forever. For a thousand years, Doro has cultivated a small African village, carefully breeding its people in search of seemingly unattainable perfection. He...",Octavia E. Butler,Robin Miles,"Paranormal, Fiction, Science Fiction, Paranormal & Urban, Genre Fiction, Fantasy, Thought-Provoking, Historical, Alternate History, Sagas, Suspenseful",Literature & Fiction > Genre Fiction,Literature & Fiction,Genre Fiction,11h 9m ,,2021-01-05,Recorded Books,,4.7,1804,,Unabridged Audiobook,English,available,true,true,,,,,1980019363,,,"<p><b>As the acclaimed Patternist science-fiction series begins, two immortals meet in the long-ago past - and mankind's destiny is changed forever.&nbsp;</b></p> <p>For a thousand years, Doro has cultivated a small African village, carefully breeding its people in search of seemingly unattainable perfection. He survives through the centuries by stealing the bodies of others, a technique he has so thoroughly mastered that nothing on Earth can kill him. But when a gang of New World slavers destroys his village, ruining his grand experiment, Doro is forced to go west and begin anew. He meets Anyanwu, a centuries-old woman whose means of immortality are as kind as his are cruel. She is a shape-shifter, capable of healing with a kiss, and she recognizes Doro as a tyrant. Though many humans have tried to kill them, these two demi-gods have never before met a rival. Now they begin a struggle that will last centuries and permanently alter the nature of humanity.</p>",,https://audible.com/pd/1980019363?ipRedirectOverride=true&overrideBaseCountry=true,,https://www.audible.com/webplayer?asin=1980019363,https://m.media-amazon.com/images/I/41u6BY-IkGL._SL500_.jpg,https://www.goodreads.com/search?q=Octavia%20E.%20Butler%20-%20Wild%20Seed,__AYCL,"The Patternist Series, Book 1",,true
Main,245,Kindred,Kindred,,,"The first science-fiction written by a Black woman, Kindred has become a cornerstone of African-American literature. This combination of slave memoir, fantasy, and historical fiction is a novel of rich literary complexity. Having just celebrated her 26th birthday in 1976 California, Dana, an...",Octavia E. Butler,Kim Staunton,"Time Travel, Scary, Historical Fiction, African American, Classics, Science Fiction, Suspenseful, Thought-Provoking",Literature & Fiction > Classics,Literature & Fiction,Classics,10h 55m ,,2007-09-12,Recorded Books,,4.6,15805,,Unabridged Audiobook,English,available,true,true,,,,,B002V1BKKK,,,"<p>The first science-fiction written by a Black woman, <i>Kindred</i> has become a cornerstone of African-American literature. This combination of slave memoir, fantasy, and historical fiction is a novel of rich literary complexity.&nbsp;</p> <p>Having just celebrated her 26th birthday in 1976 California, Dana, an African-American woman, is suddenly and inexplicably wrenched through time into antebellum Maryland. After saving a drowning White boy there, she finds herself staring into the barrel of a shotgun and is transported back to the present just in time to save her life.&nbsp;</p> <p>During numerous such time-defying episodes with the same young man, she realizes the challenge she's been given: to protect this young slaveholder until he can father her own great-grandmother.&nbsp;</p> <p>Author Octavia E. Butler skilfully juxtaposes the serious issues of slavery, human rights, and racial prejudice with an exciting science-fiction, romance, and historical adventure. Kim Staunton's narrative talent magically transforms the listener's earphones into an audio time machine.</p>",,https://audible.com/pd/B002V1BKKK?ipRedirectOverride=true&overrideBaseCountry=true,,https://www.audible.com/webplayer?asin=B002V1BKKK,https://m.media-amazon.com/images/I/61cgEi6iHsL._SL500_.jpg,https://www.goodreads.com/search?q=Octavia%20E.%20Butler%20-%20Kindred,__AYCL,,,true
Main,244,Parable of the Talents,Parable of the Talents,Earthseed (book 2),2,"Environmental devastation and economic chaos have turned America into a land of horrifying depravity. Assault, theft, sexual abuse, slavery, and murder are commonplace. Taking advantage of the situation, a zealous, bigoted tyrant wins his way into the White House. Directly opposed is Lauren...",Octavia E. Butler,"Patricia R. Floyd, Peter Jay Fernandez, Sisi Aisha Johnson","Paranormal, Suspense, Thriller & Suspense, Paranormal & Urban, Scary, Contemporary, Fantasy, Fiction, Nebula Award, Science Fiction, Emotionally Gripping, Witty","Mystery, Thriller & Suspense > Thriller & Suspense","Mystery, Thriller & Suspense",Thriller & Suspense,15h 26m ,,2008-03-06,Recorded Books,,4.7,6277,,Unabridged Audiobook,English,available,true,true,,,,,B0036M2HXW,,,"<p>Environmental devastation and economic chaos have turned America into a land of horrifying depravity. Assault, theft, sexual abuse, slavery, and murder are commonplace. Taking advantage of the situation, a zealous, bigoted tyrant wins his way into the White House.&nbsp;&nbsp;</p> <p>Directly opposed is Lauren Olamina, founder of Earthseed - a new faith that teaches ""God Is Change"". Persecuted for ""heathen"" beliefs as much as for having a Black female leader, Earthseed's followers face a life-and-death struggle to preserve their vision.</p> <p>Best-selling author Octavia Butler's fluid writing and keen observations about race, gender, politics, and religion make for a moving parable that will be pondered for generations. A powerful reading from three standout narrators captures the multi-generational sweep of this poignant tale.</p> <p>Butler's acclaimed novels have won numerous awards, and she is a recipient of a ""genius"" grant from the MacArthur Foundation. <i>Parable of the Talents</i> was selected as one of the best books of the year by <i>Publishers Weekly</i>.</p>",,https://audible.com/pd/B0036M2HXW?ipRedirectOverride=true&overrideBaseCountry=true,,https://www.audible.com/webplayer?asin=B0036M2HXW,https://m.media-amazon.com/images/I/418jepflarL._SL500_.jpg,https://www.goodreads.com/search?q=Octavia%20E.%20Butler%20-%20Parable%20of%20the%20Talents,__AYCL,,,true
Main,243,Kindred,Kindred,,,"Our perception of the Neanderthals has undergone a metamorphosis since their discovery 160 years ago, from the losers of the human family tree to A-list hominins....",Rebecca Wragg Sykes,Rebecca Wragg Sykes,,,,,,15h 56m left,,,,,,,,,,,,,,,true,1472962141,,,,,https://audible.com/pd/1472962141?ipRedirectOverride=true&overrideBaseCountry=true,,https://www.audible.com/webplayer?asin=1472962141,https://m.media-amazon.com/images/I/41G5onQrFlL._SL500_.jpg,https://www.goodreads.com/search?q=Rebecca%20Wragg%20Sykes%20-%20Kindred,,,,true
Main,242,Midnight's Children,Midnight's Children,,,"Man Booker Prize Winner, 1981 Salman Rushdie holds the literary world in awe with a jaw-dropping catalog of critically acclaimed novels that have made him one of the world's most celebrated authors. Winner of the prestigious Booker of Bookers, Midnight's Children tells the story of Saleem Sinai...",Salman Rushdie,Lyndam Gregory,"Psychological, Funny, Witty, Literary Fiction, Fiction, Sagas, Fantasy, Genre Fiction, Feel-Good",Literature & Fiction > Genre Fiction,Literature & Fiction,Genre Fiction,24h 29m ,,2009-04-24,Recorded Books,,3.9,2059,,Unabridged Audiobook,English,available,true,true,,,,,B002V0RAL4,,,"<p><b>Man Booker Prize Winner, 1981</b></p> <p>Salman Rushdie holds the literary world in awe with a jaw-dropping catalog of critically acclaimed novels that have made him one of the world's most celebrated authors. Winner of the prestigious Booker of Bookers, <i>Midnight's Children</i> tells the story of Saleem Sinai, born on the stroke of India's independence.</p>",,https://audible.com/pd/B002V0RAL4?ipRedirectOverride=true&overrideBaseCountry=true,,https://www.audible.com/webplayer?asin=B002V0RAL4,https://m.media-amazon.com/images/I/51bjrICr8rL._SL500_.jpg,https://www.goodreads.com/search?q=Salman%20Rushdie%20-%20Midnight's%20Children,__AYCL,,,true
Main,241,The Knowledge Machine: How Irrationality Created Modern Science,The Knowledge Machine,,,"A paradigm-shifting work that revolutionizes our understanding of the origins and structure of science. Captivatingly written, interwoven with historical vignettes ranging from Newton's alchemy to quantum mechanics to the storm surge of Hurricane Sandy, Michael Strevens' wholly original...",Michael Strevens,Julian Elfer,"Society, Philosophy, Mathematics, History, History & Philosophy, Science, Suspenseful, Metaphysical",Politics & Social Sciences > Philosophy,Politics & Social Sciences,Philosophy,8h 16m ,,2020-11-03,"HighBridge, a division of Recorded Books",,4.3,136,,Unabridged Audiobook,English,available,true,true,,,,,1696601991,,,"<p>A paradigm-shifting work that revolutionizes our understanding of the origins and structure of science.</p> <p>Captivatingly written, interwoven with historical vignettes ranging from Newton's alchemy to quantum mechanics to the storm surge of Hurricane Sandy, Michael Strevens' wholly original investigation of science asks two fundamental questions: Why is science so powerful? And why did it take so long, 2,000 years after the invention of philosophy and mathematics, for the human race to start using science to learn the secrets of nature? <i>The Knowledge Machine</i>'s radical answer is that science calls on its practitioners to do something irrational: By willfully ignoring religion, theoretical beauty, and, especially, philosophy - essentially stripping away all previous knowledge - scientists embrace an unnaturally narrow method of inquiry, channeling unprecedented energy into observation and experimentation.</p> <p>Like Yuval Harari's <i>Sapiens </i>or Thomas Kuhn's 1962 classic, <i>The Structure of Scientific Revolutions</i>, <i>The Knowledge Machine</i> overturns much of what we thought we knew about the origins of the modern world.</p>",,https://audible.com/pd/1696601991?ipRedirectOverride=true&overrideBaseCountry=true,,https://www.audible.com/webplayer?asin=1696601991,https://m.media-amazon.com/images/I/616AoBaSJkL._SL500_.jpg,https://www.goodreads.com/search?q=Michael%20Strevens%20-%20The%20Knowledge%20Machine,__AYCL,How Irrationality Created Modern Science,,true
Main,240,Why We Can't Wait,Why We Can't Wait,King Legacy (book 4),4,"Dr. King’s best-selling account of the civil rights movement in Birmingham during the spring and summer of 1963 On April 16, 1963, as the violent events of the Birmingham campaign unfolded in the city’s streets, Dr. Martin Luther King, Jr., composed a letter from his prison cell in response...","Martin Luther King Jr., Dorothy Cotton - introduction",JD Jackson,,,,,,Finished,,,,,,,,,,,,,,,true,B078TNLM6R,,,,,https://audible.com/pd/B078TNLM6R?ipRedirectOverride=true&overrideBaseCountry=true,,https://www.audible.com/webplayer?asin=B078TNLM6R,https://m.media-amazon.com/images/I/51Ts3olmbyL._SL500_.jpg,https://www.goodreads.com/search?q=Martin%20Luther%20King%20Jr.%20-%20Why%20We%20Can't%20Wait,,,,true
Main,239,Genesis: The Deep Origin of Societies,Genesis,,,"Asserting that religious creeds and philosophical questions can be reduced to purely genetic and evolutionary components, and that the human body and mind have a physical base obedient to the laws of physics and chemistry, Genesis demonstrates that the only way for us to fully understand human...",Edward O. Wilson,Jonathan Hogan,"Science, Animals, Biological Sciences, Evolution, Evolution & Genetics, Natural History",Science & Engineering > Science,Science & Engineering,Science,3h 8m ,43m left,2019-03-19,Recorded Books,,4.4,93,,Unabridged Audiobook,English,,true,true,,,,,1980029776,,,"<p>Asserting that religious creeds and philosophical questions can be reduced to purely genetic and evolutionary components, and that the human body and mind have a physical base obedient to the laws of physics and chemistry, <i>Genesis </i>demonstrates that the only way for us to fully understand human behavior is to study the evolutionary histories of nonhuman species. Of these, Wilson demonstrates that at least 17 - among them the African naked mole rat and the sponge-dwelling shrimp - have been found to have advanced societies based on altruism and cooperation. </p> <p>Whether writing about midges who ""dance about like acrobats"" or schools of anchovies who protectively huddle ""to appear like a gigantic fish"", or proposing that human society owes a debt of gratitude to ""postmenopausal grandmothers"" and ""childless homosexuals"", <i>Genesis </i>is a pithy yet path-breaking work of evolutionary theory, braiding 21st-century scientific theory with the lyrical biological and humanistic observations for which Wilson is known.</p>",,https://audible.com/pd/1980029776?ipRedirectOverride=true&overrideBaseCountry=true,,https://www.audible.com/webplayer?asin=1980029776,https://m.media-amazon.com/images/I/51UkhLqU3dL._SL500_.jpg,https://www.goodreads.com/search?q=Edward%20O.%20Wilson%20-%20Genesis,__AYCL,The Deep Origin of Societies,,true
Main,238,The Social Conquest of Earth,The Social Conquest of Earth,,,"Edward O. Wilson is one of the world’s preeminent biologists, a Pulitzer Prize winner, and the author of more than 25 books. The defining work in a remarkable career, The Social Conquest of Earth boldly addresses age-old questions (Where did we come from? What are we? Where are we going?)...",Edward O. Wilson,Jonathan Hogan,"History & Philosophy, Philosophy, Evolution, Biological Sciences, Anthropology, Evolution & Genetics, Science",Politics & Social Sciences > Anthropology,Politics & Social Sciences,Anthropology,10h 29m ,,2012-04-09,Recorded Books,,4.2,517,,Unabridged Audiobook,English,available,true,true,,,,,B007JX15O6,,,"<p>Edward O. Wilson is one of the world’s preeminent biologists, a Pulitzer Prize winner, and the author of more than 25 books. The defining work in a remarkable career, <i>The Social Conquest of Earth</i> boldly addresses age-old questions (Where did we come from? What are we? Where are we going?) while delving into the biological sources of morality, religion, and the creative arts.</p>",,https://audible.com/pd/B007JX15O6?ipRedirectOverride=true&overrideBaseCountry=true,,https://www.audible.com/webplayer?asin=B007JX15O6,https://m.media-amazon.com/images/I/51gGRWd4NEL._SL500_.jpg,https://www.goodreads.com/search?q=Edward%20O.%20Wilson%20-%20The%20Social%20Conquest%20of%20Earth,__AYCL,,,true
Main,237,The Origins of Creativity,The Origins of Creativity,,,"""Creativity is the unique and defining trait of our species, and its ultimate goal, self-understanding"", begins Edward O. Wilson's sweeping examination of the humanities and its relationship to the sciences. By studying fields as diverse as paleontology, evolutionary biology, and neuroscience...",Edward O. Wilson,Jonathan Hogan,"Personal Development, Evolution, Psychology & Mental Health, Science, Psychology, Thought-Provoking, Creativity, Evolution & Genetics, Biological Sciences, Creativity & Genius, Natural History",Health & Wellness > Psychology & Mental Health,Health & Wellness,Psychology & Mental Health,5h 33m ,5h 19m left,2017-10-03,Recorded Books,,4.2,118,,Unabridged Audiobook,English,available,true,true,,,,,B0753TPM2L,,,"<p>""Creativity is the unique and defining trait of our species, and its ultimate goal, self-understanding"", begins Edward O. Wilson's sweeping examination of the humanities and its relationship to the sciences. By studying fields as diverse as paleontology, evolutionary biology, and neuroscience, Wilson demonstrates that human creativity began not 10,000 years ago, as we have long assumed, but over 100,000 years ago in the Paleolithic Age. </p> <p>Chronicling the evolution of creativity from primates to humans, Wilson shows how the humanities, in large part, spurred on by the invention of language, have played a previously unexamined role in defining our species. Exploring a surprising range of creative endeavors - the instinct to create gardens, the use of metaphors and irony in speech, the power of music and song- Wilson proposes a transformational ""Third Enlightenment"" in which the blending of science and humanities will enable a deeper understanding of the human condition and how it ultimately originated. </p>",,https://audible.com/pd/B0753TPM2L?ipRedirectOverride=true&overrideBaseCountry=true,,https://www.audible.com/webplayer?asin=B0753TPM2L,https://m.media-amazon.com/images/I/51goObmit8L._SL500_.jpg,https://www.goodreads.com/search?q=Edward%20O.%20Wilson%20-%20The%20Origins%20of%20Creativity,__AYCL,,,true
Main,236,The Meaning of Human Existence,The Meaning of Human Existence,,,"Searching for meaning in what Nietzsche once called “the rainbow colors” around the outer edges of knowledge and imagination, Edward O. Wilson bridges science and philosophy to create a 21st century treatise on human existence. Once criticized for his over-reliance on genetics, Wilson...",Edward O. Wilson,Jonathan Hogan,"Science, Philosophy, Fitness, Diet & Nutrition, Inspiring, Diets, Nutrition & Healthy Eating, Agricultural & Food Sciences, Anthropology, History & Philosophy, Thought-Provoking, Natural History","Health & Wellness > Fitness, Diet & Nutrition",Health & Wellness,"Fitness, Diet & Nutrition",5h 6m ,4h 44m left,2014-10-06,Recorded Books,,4.1,485,,Unabridged Audiobook,English,available,true,true,,,,,B00NI20DNG,,,"<p>Searching for meaning in what Nietzsche once called “the rainbow colors” around the outer edges of knowledge and imagination, Edward O. Wilson bridges science and philosophy to create a 21st century treatise on human existence. Once criticized for his over-reliance on genetics, Wilson unfurls here his most expansive and advanced theories on human behavior, recognizing that, even though the human and spider evolved similarly, the poet’s sonnet is wholly different than the spider’s web. Whether attempting to explicate ""the Riddle of the Human Species"", warning of ""the Collapse of Biodiversity"", or even creating a plausible ""Portrait of E.T."", Wilson does indeed believe that humanity holds a special position in the known universe. Alarmed, however, that we are about to abandon natural selection by redesigning biology and human nature as we wish them, Wilson concludes that advances in science and technology bring us our greatest moral dilemma since God stayed the hand of Abraham. Edward O. Wilson is widely recognized as one of the world’s leading scientists. He is the winner of the Pulitzer Prize and the author of the best-selling <i>The Social Conquest of Earth</i> and <i>Letters to a Young Scientist</i>. </p>",,https://audible.com/pd/B00NI20DNG?ipRedirectOverride=true&overrideBaseCountry=true,,https://www.audible.com/webplayer?asin=B00NI20DNG,https://m.media-amazon.com/images/I/51WnTwowk+L._SL500_.jpg,https://www.goodreads.com/search?q=Edward%20O.%20Wilson%20-%20The%20Meaning%20of%20Human%20Existence,__AYCL,,,true
Main,235,The End of Race Politics: Arguments for a Colorblind America,The End of Race Politics: Arguments for a Colorblind America,,,"An exciting new voice makes the case for a colorblind approach to politics and culture, warning that the so-called ‘anti-racist’ movement is driving us—ironically—toward a new kind of racism. As one of the few black students in his philosophy program at Columbia University years ago...",Coleman Hughes,Coleman Hughes,,,,,5h 26m,,,,,,,,,,,,,,,,true,B0C6YHL381,,,,,https://audible.com/pd/B0C6YHL381?ipRedirectOverride=true&overrideBaseCountry=true,,https://www.audible.com/webplayer?asin=B0C6YHL381,https://m.media-amazon.com/images/I/411giKESvsL._SL500_.jpg,https://www.goodreads.com/search?q=Coleman%20Hughes%20-%20The%20End%20of%20Race%20Politics%3A%20Arguments%20for%20a%20Colorblind%20America,,,,true
Main,234,Half-Earth: Our Planet's Fight for Life,Half-Earth,,,"Refusing to accept the mass extinction of species as an inevitability, ""the world's greatest naturalist"" (Jeffrey Sachs) proposes a plan to save Earth's imperiled biosphere. Half-Earth resoundingly concludes the best-selling trilogy begun by The Social Conquest of Earth and The Meaning of Human...",Edward O. Wilson,Jonathan Hogan,"Philosophy, Science, Nature & Ecology, Natural History, Environment, Conservation, History & Philosophy, Outdoors & Nature, Ecosystem",Science & Engineering > Science,Science & Engineering,Science,6h 51m ,6h 1m left,2016-03-07,Recorded Books,,4.4,191,,Unabridged Audiobook,English,available,true,true,,,,,B01BO1AOCM,,,"<p>Refusing to accept the mass extinction of species as an inevitability, ""the world's greatest naturalist"" (Jeffrey Sachs) proposes a plan to save Earth's imperiled biosphere. <i>Half-Earth</i> resoundingly concludes the best-selling trilogy begun by <i>The Social Conquest of Earth</i> and <i>The Meaning of Human Existence</i>, a National Book Award finalist. </p> <p>History is not a prerogative of the human species, Edward O. Wilson declares in <i>Half-Earth</i>, a brave work that becomes a radical redefinition of human history. Demonstrating that we blindly ignore the histories of millions of other species, Wilson warns of a point of no return that is imminent. Angrily challenging the fashionable theories of anthropocenes, who contend that humans can survive alone in an Edenic bubble engineered for their own survival, Wilson documents that the biosphere does not belong to us. Yet, refusing to believe that our extinction is, as so many fear, predetermined, Wilson has written <i>Half-Earth</i> as a cri de coeur, proposing that the only solution to our impending ""sixth extinction"" is to increase the area of natural reserves to half the surface of the Earth. </p> <p>Suffused with a profound Darwinian understanding of our planet's fragility, <i>Half-Earth</i> is a transformative work that reverberates with an urgency like few other books. </p>",,https://audible.com/pd/B01BO1AOCM?ipRedirectOverride=true&overrideBaseCountry=true,,https://www.audible.com/webplayer?asin=B01BO1AOCM,https://m.media-amazon.com/images/I/51aglnM71YL._SL500_.jpg,https://www.goodreads.com/search?q=Edward%20O.%20Wilson%20-%20Half-Earth,__AYCL,Our Planet's Fight for Life,,true
Main,233,Speak Memory: An Autobiography Revisited,Speak Memory: An Autobiography Revisited,,,From one of the 20th century's great writers comes one of the finest autobiographies of our time....,Vladimir Nabokov,Stefan Rudnicki,,,,,,9h 29m left,,,,,,,,,,,,,,,true,B004BB5Y1E,,,,,https://audible.com/pd/B004BB5Y1E?ipRedirectOverride=true&overrideBaseCountry=true,,https://www.audible.com/webplayer?asin=B004BB5Y1E,https://m.media-amazon.com/images/I/51FRHTzZPJL._SL500_.jpg,https://www.goodreads.com/search?q=Vladimir%20Nabokov%20-%20Speak%20Memory%3A%20An%20Autobiography%20Revisited,,,,true
Main,232,"Entangled Life: How Fungi Make Our Worlds, Change Our Minds & Shape Our Futures","Entangled Life: How Fungi Make Our Worlds, Change Our Minds & Shape Our Futures",,,"THE NEW YORK TIMES BESTSELLER WITH OVER ONE MILLION COPIES SOLD WORLDWIDE A “brilliant [and] entrancing” (The Guardian) journey into the hidden lives of fungi—the great connectors of the living world—and their astonishing and intimate roles in human life, with the power to heal our...",Merlin Sheldrake,Merlin Sheldrake,,,,,,8h left,,,,,,,,,,,,,,,true,059320980X,,,,,https://audible.com/pd/059320980X?ipRedirectOverride=true&overrideBaseCountry=true,,https://www.audible.com/webplayer?asin=059320980X,https://m.media-amazon.com/images/I/61cn02mMKOL._SL500_.jpg,https://www.goodreads.com/search?q=Merlin%20Sheldrake%20-%20Entangled%20Life%3A%20How%20Fungi%20Make%20Our%20Worlds%2C%20Change%20Our%20Minds%20%26%20Shape%20Our%20Futures,,,,true
Main,231,Between Two Kingdoms: A Memoir of a Life Interrupted,Between Two Kingdoms: A Memoir of a Life Interrupted,,,NEW YORK TIMES BESTSELLER A deeply moving memoir of illness and recovery that traces one young woman’s journey from diagnosis to remission to re-entry into “normal” life—from the founder of The Isolation Journals and a subject of the Netflix documentary American Symphony ONE OF THE...,Suleika Jaouad,Suleika Jaouad,,,,,,9h 30m left,,,,,,,,,,,,,,,true,0593209745,,,,,https://audible.com/pd/0593209745?ipRedirectOverride=true&overrideBaseCountry=true,,https://www.audible.com/webplayer?asin=0593209745,https://m.media-amazon.com/images/I/41u0B974ohL._SL500_.jpg,https://www.goodreads.com/search?q=Suleika%20Jaouad%20-%20Between%20Two%20Kingdoms%3A%20A%20Memoir%20of%20a%20Life%20Interrupted,,,,true
Main,230,To Repair the World: Paul Farmer Speaks to the Next Generation,To Repair the World: Paul Farmer Speaks to the Next Generation,,,"Here, for the first time, is a collection of short speeches by the charismatic doctor and social activist Paul Farmer....","Paul Farmer, Bill Clinton - foreword, Jonathan Weigel - editor","Joe Barrett, David Ledoux, Kevin T. Collins",,,,,,Finished,,,,,,,,,,,,,,,true,B00CMUNXBE,,,,,https://audible.com/pd/B00CMUNXBE?ipRedirectOverride=true&overrideBaseCountry=true,,https://www.audible.com/webplayer?asin=B00CMUNXBE,https://m.media-amazon.com/images/I/41BATHawJTL._SL500_.jpg,https://www.goodreads.com/search?q=Paul%20Farmer%20-%20To%20Repair%20the%20World%3A%20Paul%20Farmer%20Speaks%20to%20the%20Next%20Generation,,,,true
Main,229,Splinters: Another Kind of Love Story,Splinters: Another Kind of Love Story,,,"From the New York Times bestselling author of The Recovering and The Empathy Exams comes “a blazing, unputdownable memoir” (Mary Karr, author of Lit), the “piercing, intimate” story (TIME Magazine) of rebuilding a life after the end of a marriage—an exploration of motherhood, art, and...",Leslie Jamison,Leslie Jamison,,,,,8h 32m,,,,,,,,,,,,,,,,true,B0C7HN3855,,,,,https://audible.com/pd/B0C7HN3855?ipRedirectOverride=true&overrideBaseCountry=true,,https://www.audible.com/webplayer?asin=B0C7HN3855,https://m.media-amazon.com/images/I/41Vex23+JUL._SL500_.jpg,https://www.goodreads.com/search?q=Leslie%20Jamison%20-%20Splinters%3A%20Another%20Kind%20of%20Love%20Story,,,,true
Main,228,"Pathologies of Power: Health, Human Rights, and the New War on the Poor",Pathologies of Power,,,Pathologies of Power uses harrowing stories of life - and death - in extreme situations to interrogate our understanding of human rights. Paul Farmer argues that promoting the social and economic rights of the world's poor is the most important human rights struggle of our times. With passionate...,"Paul Farmer, Amartya Sen",Jack Chekijian,"Policy & Administration, Health, Sociology, Medicine & Health Care Industry, Anthropology, Physical Illness & Disease, Human Rights",Health & Wellness > Medicine & Health Care Industry,Health & Wellness,Medicine & Health Care Industry,13h 12m ,10h 33m left,2017-09-29,Tantor Audio,,4.6,83,,Unabridged Audiobook,English,,true,true,,,,,B075TJHR71,,,"<p><i>Pathologies of Power</i> uses harrowing stories of life - and death - in extreme situations to interrogate our understanding of human rights. Paul Farmer argues that promoting the social and economic rights of the world's poor is the most important human rights struggle of our times. With passionate eyewitness accounts from the prisons of Russia and the beleaguered villages of Haiti and Chiapas, this book links the lived experiences of individual victims to a broader analysis of structural violence. Farmer challenges conventional thinking within human rights circles and exposes the relationships between political and economic injustice, on one hand, and the suffering and illness of the powerless, on the other. </p> <p>Farmer shows that the same social forces that give rise to epidemic diseases such as HIV and tuberculosis also sculpt risk for human rights violations. He illustrates the ways that racism and gender inequality in the United States are embodied as disease and death. Yet this book is far from a hopeless inventory of abuse. Farmer's disturbing examples are linked to a guarded optimism that new medical and social technologies will develop in tandem with a more informed sense of social justice. Otherwise, he concludes, we will be guilty of managing social inequality rather than addressing structural violence. </p>",,https://audible.com/pd/B075TJHR71?ipRedirectOverride=true&overrideBaseCountry=true,,https://www.audible.com/webplayer?asin=B075TJHR71,https://m.media-amazon.com/images/I/51Fkkh8T7uL._SL500_.jpg,https://www.goodreads.com/search?q=Paul%20Farmer%20-%20Pathologies%20of%20Power,__AYCL,"Health, Human Rights, and the New War on the Poor",,true
Main,227,"The Worlds I See: Curiosity, Exploration, and Discovery at the Dawn of AI","The Worlds I See: Curiosity, Exploration, and Discovery at the Dawn of AI",,,The moving memoir of a scientist coming of age as an immigrant in America who finds her calling at the forefront of the AI revolution. Wired called Dr. Fei-Fei Li “one of a tiny group of scientists—a group perhaps small enough to fit around a kitchen table—who are responsible for AI’s...,Fei-Fei Li,Cindy Kay,,,,,12h 11m,,,,,,,,,,,,,,,,true,B0BSP3QDZH,,,,,https://audible.com/pd/B0BSP3QDZH?ipRedirectOverride=true&overrideBaseCountry=true,,https://www.audible.com/webplayer?asin=B0BSP3QDZH,https://m.media-amazon.com/images/I/51cEf2vKKnL._SL500_.jpg,https://www.goodreads.com/search?q=Fei-Fei%20Li%20-%20The%20Worlds%20I%20See%3A%20Curiosity%2C%20Exploration%2C%20and%20Discovery%20at%20the%20Dawn%20of%20AI,,,,true
Main,226,Expecting Better: Why the Conventional Pregnancy Wisdom Is Wrong - and What You Really Need to Know,Expecting Better: Why the Conventional Pregnancy Wisdom Is Wrong - and What You Really Need to Know,,,"“Emily Oster is the non-judgmental girlfriend holding our hand and guiding us through pregnancy and motherhood. She has done the work to get us the hard facts in a soft, understandable way.” —Amy Schumer What to Expect When You're Expecting meets Freakonomics: an award-winning economist...",Emily Oster,"Emily Oster, Jonathan Todd Ross",,,,,,7h 46m left,,,,,,,,,,,,,,,true,0593416910,,,,,https://audible.com/pd/0593416910?ipRedirectOverride=true&overrideBaseCountry=true,,https://www.audible.com/webplayer?asin=0593416910,https://m.media-amazon.com/images/I/412+-ysN8WL._SL500_.jpg,https://www.goodreads.com/search?q=Emily%20Oster%20-%20Expecting%20Better%3A%20Why%20the%20Conventional%20Pregnancy%20Wisdom%20Is%20Wrong%20-%20and%20What%20You%20Really%20Need%20to%20Know,,,,true
Main,225,"Harry Potter and the Deathly Hallows, Book 7","Harry Potter and the Deathly Hallows, Book 7","Wizarding World Collection (book 7), Harry Potter (book 7)","7, 7","As he climbs into the sidecar of Hagrid's motorbike and takes to the skies, leaving Privet Drive for the last time, Harry Potter knows that Lord Voldemort and the Death Eaters are not far behind....",J.K. Rowling,Jim Dale,,,,,,17h 3m left,,,,,,,,,,,,,,,true,B017WJ5ZK6,,,,,https://audible.com/pd/B017WJ5ZK6?ipRedirectOverride=true&overrideBaseCountry=true,,https://www.audible.com/webplayer?asin=B017WJ5ZK6,https://m.media-amazon.com/images/I/61yMjtQzKcL._SL500_.jpg,https://www.goodreads.com/search?q=J.K.%20Rowling%20-%20Harry%20Potter%20and%20the%20Deathly%20Hallows%2C%20Book%207,,,,true
Main,224,Growth: From Microorganisms to Megacities,Growth,,,Growth has been both an unspoken and an explicit aim of our individual and collective striving. It governs the lives of microorganisms and galaxies; it shapes the capabilities of our extraordinarily large brains and the fortunes of our economies. Growth is manifested in annual increments of...,Vaclav Smil,Eric Jason Martin,"Politics & Government, Science, Public Policy, Outdoors & Nature, Business, Social Sciences, Business Development & Entrepreneurship, Environmental, Human Brain, Environment, Biological Sciences, Biology, Conservation, Human Geography, Nature & Ecology, Ecosystem",Business & Careers > Business Development & Entrepreneurship,Business & Careers,Business Development & Entrepreneurship,26h 15m ,,2020-03-31,Gildan Media,,4.3,91,,Unabridged Audiobook,English,available,true,true,,,,,1469073307,,,"<p>Growth has been both an unspoken and an explicit aim of our individual and collective striving. It governs the lives of microorganisms and galaxies; it shapes the capabilities of our extraordinarily large brains and the fortunes of our economies. Growth is manifested in annual increments of continental crust, a rising gross domestic product, a child's growth chart, the spread of cancerous cells. In this magisterial book, Vaclav Smil offers systematic investigation of growth in nature and society, from tiny organisms to the trajectories of empires and civilizations.</p> <p>Smil takes listeners from bacterial invasions through animal metabolisms to megacities and the global economy. He begins with organisms whose mature sizes range from microscopic to enormous, looking at disease-causing microbes, the cultivation of staple crops, and human growth from infancy to adulthood. He examines the growth of energy conversions and man-made objects that enable economic activities - developments that have been essential to civilization. Finally, he looks at growth in complex systems, beginning with the growth of human populations and proceeding to the growth of cities.</p>",,https://audible.com/pd/1469073307?ipRedirectOverride=true&overrideBaseCountry=true,,https://www.audible.com/webplayer?asin=1469073307,https://m.media-amazon.com/images/I/51veezDMQoL._SL500_.jpg,https://www.goodreads.com/search?q=Vaclav%20Smil%20-%20Growth,__AYCL,From Microorganisms to Megacities,,true
Main,223,"Harry Potter and the Half-Blood Prince, Book 6","Harry Potter and the Half-Blood Prince, Book 6","Harry Potter (book 6), Wizarding World Collection (book 6)","6, 6","When Dumbledore arrives at Privet Drive one summer night to collect Harry Potter, his wand hand is blackened and shrivelled, but he does not reveal why....",J.K. Rowling,Jim Dale,,,,,,5h 22m left,,,,,,,,,,,,,,,true,B017V4NOZ0,,,,,https://audible.com/pd/B017V4NOZ0?ipRedirectOverride=true&overrideBaseCountry=true,,https://www.audible.com/webplayer?asin=B017V4NOZ0,https://m.media-amazon.com/images/I/51sImF7gqML._SL500_.jpg,https://www.goodreads.com/search?q=J.K.%20Rowling%20-%20Harry%20Potter%20and%20the%20Half-Blood%20Prince%2C%20Book%206,,,,true
Main,222,Not the End of the World: How We Can Be the First Generation to Build a Sustainable Planet,Not the End of the World: How We Can Be the First Generation to Build a Sustainable Planet,,,"This ""truly essential"" audiobook will transform how you see our biggest environmental problems (Margaret Atwood)—and explains how we can solve them. It’s become common to tell kids that they’re going to die from climate change. We are constantly bombarded by doomsday headlines that tell us...",Hannah Ritchie,Hannah Ritchie Ph.D. Ph.D.,,,,,9h 26m,,,,,,,,,,,,,,,,true,B0C5JWVTDJ,,,,,https://audible.com/pd/B0C5JWVTDJ?ipRedirectOverride=true&overrideBaseCountry=true,,https://www.audible.com/webplayer?asin=B0C5JWVTDJ,https://m.media-amazon.com/images/I/41ru2BretnL._SL500_.jpg,https://www.goodreads.com/search?q=Hannah%20Ritchie%20-%20Not%20the%20End%20of%20the%20World%3A%20How%20We%20Can%20Be%20the%20First%20Generation%20to%20Build%20a%20Sustainable%20Planet,,,,true
Main,221,Neurology: Medical School Crash Course,Neurology: Medical School Crash Course,,,"Written by experienced professors and professionally narrated by a medical doctor for accuracy, this crash course is a valuable tool both during school and when preparing for the USMLE, or if you’re simply interested in the subject of neurology....",AudioLearn Medical Content Team,Dr. Cathy Simpson,,,,,,4h 48m left,,,,,,,,,,,,,,,true,B07QX9FTY7,,,,,https://audible.com/pd/B07QX9FTY7?ipRedirectOverride=true&overrideBaseCountry=true,,https://www.audible.com/webplayer?asin=B07QX9FTY7,https://m.media-amazon.com/images/I/510mGX+6r9L._SL500_.jpg,https://www.goodreads.com/search?q=AudioLearn%20Medical%20Content%20Team%20-%20Neurology%3A%20Medical%20School%20Crash%20Course,,,,true
Main,220,The Sea Around Us,The Sea Around Us,,,"Published in 1951, The Sea Around Us is one of the most remarkably successful books ever written about the natural world. Rachel Carson's rare ability to combine scientific insight with moving, poetic prose catapulted her book to first place on The New York Times best seller list, where it...",Rachel Carson,Kaiulani Lee,"National Book Award, Outdoors & Nature, Science, Ecosystems & Habitats, Oceanography, Earth Sciences, Ecology, Nature & Ecology, Physical Geography, Polar Region",Science & Engineering > Science,Science & Engineering,Science,9h 9m ,7h 24m left,2015-07-07,Recorded Books,,4.5,184,,Unabridged Audiobook,English,,true,true,,,,,B011459FFU,,,"<p>Published in 1951, <i>The Sea Around Us</i> is one of the most remarkably successful books ever written about the natural world. Rachel Carson's rare ability to combine scientific insight with moving, poetic prose catapulted her book to first place on <i>The New York Times</i> best seller list, where it enjoyed wide attention for 31 consecutive weeks. It remained on the list for more than a year and a half and ultimately sold well over a million copies, has been translated into 28 languages, inspired an Academy Award-winning documentary, and won both the 1952 National Book Award and the John Burroughs Medal. </p> <p>This classic work remains as fresh today as when it first appeared. Carson's writing teems with stunning, memorable images - the newly formed Earth cooling beneath an endlessly overcast sky, the centuries of nonstop rain that created the oceans, giant squids battling sperm whales hundreds of fathoms below the surface, and incredibly powerful tides moving 100 billion tons of water daily in the Bay of Fundy. Quite simply, she captures the mystery and allure of the ocean with a compelling blend of imagination and expertise. </p> <p>Reintroducing a classic work to a whole new generation of listeners, this special edition features a new chapter written by Jeffrey Levinton, a leading expert in marine ecology, that brings the scientific side of <i>The Sea Around Us</i> completely up to date. Levinton incorporates the most recent thinking on continental drift, coral reefs, the spread of the ocean floor, the deterioration of the oceans, mass extinction of sea life, and many other topics. In addition, acclaimed nature writer Ann Zwinger has contributed a brief foreword. </p> <p>Today, with the oceans endangered by the dumping of medical waste and ecological disasters such as the Exxon oil spill in Alaska, this illuminating volume provides a timely reminder of both the fragility and the importance of the ocean and the life that abounds within it. </p>",,https://audible.com/pd/B011459FFU?ipRedirectOverride=true&overrideBaseCountry=true,,https://www.audible.com/webplayer?asin=B011459FFU,https://m.media-amazon.com/images/I/517z0dazrUL._SL500_.jpg,https://www.goodreads.com/search?q=Rachel%20Carson%20-%20The%20Sea%20Around%20Us,__AYCL,,,true
Main,219,Silent Spring,Silent Spring,,,"First published in 1962, Silent Spring can single-handedly be credited with sounding the alarm and raising awareness of humankind's collective impact on its own future through chemical pollution. No other book has so strongly influenced the environmental conscience of Americans and the world at...",Rachel Carson,Kaiulani Lee,"Science, Nature & Ecology, Environment, Conservation, Outdoors & Nature, Suspenseful, Environmentalism",Science & Engineering > Science,Science & Engineering,Science,10h 36m ,9h 13m left,2007-01-26,Recorded Books,,4.5,1378,,Unabridged Audiobook,English,available,true,true,,,,,B0036LR2Z6,,,"First published in 1962, <i>Silent Spring</i> can single-handedly be credited with sounding the alarm and raising awareness of humankind's collective impact on its own future through chemical pollution. No other book has so strongly influenced the environmental conscience of Americans and the world at large.",,https://audible.com/pd/B0036LR2Z6?ipRedirectOverride=true&overrideBaseCountry=true,,https://www.audible.com/webplayer?asin=B0036LR2Z6,https://m.media-amazon.com/images/I/51SFbS78ApL._SL500_.jpg,https://www.goodreads.com/search?q=Rachel%20Carson%20-%20Silent%20Spring,__AYCL,,,true
Main,218,The Edge of the Sea,The Edge of the Sea,,,"""The edge of the sea is a strange and beautiful place."" A book to be listened to for pleasure as well as a practical identification guide, The Edge of the Sea introduces a world of teeming life where the sea meets the land. A new generation of listeners is discovering why Rachel Carson's books...",Rachel Carson,Kaiulani Lee,"Ecosystems & Habitats, Nature & Ecology, Biological Sciences, Ecology, Animals, Outdoors & Nature, Science",Science & Engineering > Science,Science & Engineering,Science,8h 45m ,,2016-02-29,Recorded Books,,4.7,52,,Unabridged Audiobook,English,available,true,true,,,,,B01C93M45Y,,,"<p>""The edge of the sea is a strange and beautiful place."" </p> <p>A book to be listened to for pleasure as well as a practical identification guide, <i>The Edge of the Sea</i> introduces a world of teeming life where the sea meets the land. A new generation of listeners is discovering why Rachel Carson's books have become cornerstones of the environmental and conservation movements. </p> <p>New introduction by Sue Hubbell. </p>",,https://audible.com/pd/B01C93M45Y?ipRedirectOverride=true&overrideBaseCountry=true,,https://www.audible.com/webplayer?asin=B01C93M45Y,https://m.media-amazon.com/images/I/51BpxYIubRL._SL500_.jpg,https://www.goodreads.com/search?q=Rachel%20Carson%20-%20The%20Edge%20of%20the%20Sea,__AYCL,,,true
Main,217,"The Life of Greece: The Story of Civilization, Volume 2","The Life of Greece: The Story of Civilization, Volume 2",The Story of Civilization (book 2),2,The second volume of Will Durant's Pulitzer Prize - winning series The Story of Civilization. Volume 2 chronicles the history of ancient Greek civilization. Here Durant tells the whole story of Greece from the days of Crete's vast Aegean empire to the final extirpation of the last remnants of...,Will Durant,Stefan Rudnicki,,,,,,20h 51m left,,,,,,,,,,,,,,,true,B00GM7AZ3M,,,,,https://audible.com/pd/B00GM7AZ3M?ipRedirectOverride=true&overrideBaseCountry=true,,https://www.audible.com/webplayer?asin=B00GM7AZ3M,https://m.media-amazon.com/images/I/41QcnnSSkbL._SL500_.jpg,https://www.goodreads.com/search?q=Will%20Durant%20-%20The%20Life%20of%20Greece%3A%20The%20Story%20of%20Civilization%2C%20Volume%202,,,,true
Main,216,The Song of the Cell: An Exploration of Medicine and the New Human,The Song of the Cell: An Exploration of Medicine and the New Human,,,"Winner of the 2023 PROSE Award for Excellence in Biological and Life Sciences and the 2023 Chautauqua Prize! Named a New York Times Notable Book and a Best Book of the Year by The Economist, Oprah Daily, BookPage, Book Riot, the New York Public Library, and more! In The Song of the Cell, the...",Siddhartha Mukherjee,Dennis Boutsikaris,,,,,,15h 5m left,,,,,,,,,,,,,,,true,B09TWZQ9D8,,,,,https://audible.com/pd/B09TWZQ9D8?ipRedirectOverride=true&overrideBaseCountry=true,,https://www.audible.com/webplayer?asin=B09TWZQ9D8,https://m.media-amazon.com/images/I/51YHyajUTLL._SL500_.jpg,https://www.goodreads.com/search?q=Siddhartha%20Mukherjee%20-%20The%20Song%20of%20the%20Cell%3A%20An%20Exploration%20of%20Medicine%20and%20the%20New%20Human,,,,true
Main,215,Ebola: The Natural and Human History of a Deadly Virus,Ebola: The Natural and Human History of a Deadly Virus,,,"In 1976 a deadly virus emerged from the Congo forest. As swiftly as it came, it disappeared, leaving no trace. Over the four decades since, Ebola has emerged sporadically....",David Quammen,Mel Foster,,,,,,4h 11m left,,,,,,,,,,,,,,true,true,B00QQOU79I,,,,,https://audible.com/pd/B00QQOU79I?ipRedirectOverride=true&overrideBaseCountry=true,,https://www.audible.com/webplayer?asin=B00QQOU79I,https://m.media-amazon.com/images/I/61vbJO4mhKL._SL500_.jpg,https://www.goodreads.com/search?q=David%20Quammen%20-%20Ebola%3A%20The%20Natural%20and%20Human%20History%20of%20a%20Deadly%20Virus,,,,true
Main,214,The Jennifer Morgue: A Laundry Files Novel,The Jennifer Morgue,Laundry Files (book 2),2,"Hugo Award-winning author Charles Stross continues to make a name for himself in the sci-fi genre. The Jennifer Morgue is an extension of Stross’ award-winning novella The Concrete Jungle. Bob Howard is a special operative for the British agency called The Laundry, and his task is to stop a...",Charles Stross,Gideon Emery,"Literature & Fiction, Thriller & Suspense, Witty, Adventure, Espionage, Science Fiction, Spies & Politics, Scary","Mystery, Thriller & Suspense > Thriller & Suspense","Mystery, Thriller & Suspense",Thriller & Suspense,13h 45m ,,2010-03-29,Recorded Books,,4.4,1392,,Unabridged Audiobook,English,available,true,true,,,,,B003E8AA2I,,,"<p>Hugo Award-winning author Charles Stross continues to make a name for himself in the sci-fi genre. <i>The Jennifer Morgue</i> is an extension of Stross’ award-winning novella <i>The Concrete Jungle</i>. </p> <p>Bob Howard is a special operative for the British agency called The Laundry, and his task is to stop a rogue billionaire from using an artifact, known as Gravedust, with the power to reanimate the dead. The U.S. Black Agency sends the lethal Ramona Random to aid Bob’s mission, but she seems to have a different agenda.</p>",,https://audible.com/pd/B003E8AA2I?ipRedirectOverride=true&overrideBaseCountry=true,,https://www.audible.com/webplayer?asin=B003E8AA2I,https://m.media-amazon.com/images/I/61BCMSrYT0L._SL500_.jpg,https://www.goodreads.com/search?q=Charles%20Stross%20-%20The%20Jennifer%20Morgue,__AYCL,A Laundry Files Novel,,true
Main,213,The Atrocity Archives: A Laundry Files Novel,The Atrocity Archives,Laundry Files (book 1),1,"Bob Howard is a computer-hacker desk jockey, who has more than enough trouble keeping up with the endless paperwork he has to do on a daily basis. He should never be called on to do anything remotely heroic. But for some reason, he is...",Charles Stross,Gideon Emery,"Science Fiction, Paranormal, Fiction, Scary, Funny, Thriller & Suspense, Fantasy, Hard Science Fiction, Paranormal & Urban, Horror, Espionage, Spies & Politics, Witty",Literature & Fiction > Horror,Literature & Fiction,Horror,10h 56m ,,2010-01-04,Recorded Books,,4.2,2923,,Unabridged Audiobook,English,available,true,true,,,,,B0032H622S,,,"<p> Bob Howard is a computer-hacker desk jockey, who has more than enough trouble keeping up with the endless paperwork he has to do on a daily basis. He should never be called on to do anything remotely heroic. But for some reason, he is.</p>",,https://audible.com/pd/B0032H622S?ipRedirectOverride=true&overrideBaseCountry=true,,https://www.audible.com/webplayer?asin=B0032H622S,https://m.media-amazon.com/images/I/51qWwHv4zlL._SL500_.jpg,https://www.goodreads.com/search?q=Charles%20Stross%20-%20The%20Atrocity%20Archives,__AYCL,A Laundry Files Novel,,true
Main,212,The Three-Body Problem,The Three-Body Problem,The Remembrance of Earth's Past (book 1),1,The inspiration for the Netflix series 3 Body Problem! WINNER OF THE HUGO AWARD FOR BEST NOVEL Over 1 million copies sold in North America “A mind-bending epic.”—The New York Times “War of the Worlds for the 21st century.”—The Wall Street Journal “Fascinating.”—TIME ...,"Cixin Liu, Ken Liu - translator",Luke Daniels,,,,,,8h 19m left,,,,,,,,,,,,,,,true,B00P0277C2,,,,,https://audible.com/pd/B00P0277C2?ipRedirectOverride=true&overrideBaseCountry=true,,https://www.audible.com/webplayer?asin=B00P0277C2,https://m.media-amazon.com/images/I/518UKlc1WKL._SL500_.jpg,https://www.goodreads.com/search?q=Cixin%20Liu%20-%20The%20Three-Body%20Problem,,,,true
Main,211,"Hope in the Dark: Untold Histories, Wild Possibilities",Hope in the Dark,,,"With Hope in the Dark, Rebecca Solnit makes a radical case for hope as a commitment to act in a world whose future remains uncertain and unknowable. Drawing on her decades of activism and a wide knowledge of environmental, cultural, and political history, Solnit argues that radicals have a long...",Rebecca Solnit,Tanya Eby,"Political Science, Social Sciences, Sociology, Inspiring, Gender Studies, History & Theory, Politics & Government, Socialism",Politics & Social Sciences > Politics & Government,Politics & Social Sciences,Politics & Government,5h 36m ,5h 22m left,2017-01-17,Tantor Audio,,4.3,244,,Unabridged Audiobook,English,available,true,true,,,,,B01N9RJ9PP,,,"<p>With <i>Hope in the Dark</i>, Rebecca Solnit makes a radical case for hope as a commitment to act in a world whose future remains uncertain and unknowable. Drawing on her decades of activism and a wide knowledge of environmental, cultural, and political history, Solnit argues that radicals have a long, neglected history of transformative victories, that the positive consequences of our acts are not always immediately seen, directly knowable, or even measurable, and that pessimism and despair rest on an unwarranted confidence about what is going to happen next. Originally published in 2004, now with a new foreword and afterword, Solnit's influential book shines a light into the darkness of our time in an unforgettable new edition. </p>",,https://audible.com/pd/B01N9RJ9PP?ipRedirectOverride=true&overrideBaseCountry=true,,https://www.audible.com/webplayer?asin=B01N9RJ9PP,https://m.media-amazon.com/images/I/41xiXJFT9OL._SL500_.jpg,https://www.goodreads.com/search?q=Rebecca%20Solnit%20-%20Hope%20in%20the%20Dark,__AYCL,"Untold Histories, Wild Possibilities",,true
Main,210,Icehenge,Icehenge,,,"On the North Pole of Pluto there stands an enigma: a huge circle of standing blocks of ice, built on the pattern of Earth's Stonehenge - but 10 times the size, standing alone at the farthest reaches of the Solar System. What is it? Who came there to build it? The secret lies, perhaps, in the...",Kim Stanley Robinson,"Danny Campbell, Kevin T. Collins, Carla Mercer-Meyer",,,,,,5h 12m left,,,,,,,,,,,,,,,true,B07B523N4Y,,,,,https://audible.com/pd/B07B523N4Y?ipRedirectOverride=true&overrideBaseCountry=true,,https://www.audible.com/webplayer?asin=B07B523N4Y,https://m.media-amazon.com/images/I/51jXCERuhkL._SL500_.jpg,https://www.goodreads.com/search?q=Kim%20Stanley%20Robinson%20-%20Icehenge,,,,true
Main,209,What I Believe: 3 Complete Essays on Religion,What I Believe,,,"These three essays by Bertrand Russell allow the listener to test the concepts of the good life, morality, the existence of God, Christianity, and human nature....",Bertrand Russell,Terrence Hardiman,"Philosophy, Spirituality, Morality, Nonfiction",Politics & Social Sciences > Philosophy,Politics & Social Sciences,Philosophy,2h 25m ,,1999-12-16,Blackstone Publishing,,4.5,1612,,Unabridged Audiobook,English,,true,true,,,,,B002UZKYRM,,,"<p>Remarkably relevant, beautifully written, and filled with wit and wisdom, these three essays by Bertrand Russell allow the listener to test the concepts of the good life, morality, the existence of God, Christianity, and human nature. ""What I Believe"" was used prominently in the 1940 New York court proceedings in which Russell was judicially declared ""unfit"" to teach philosophy at City College of New York. ""Why I Am Not a Christian"" concludes that churches throughout history have retarded progress and states that we should instead ""look to our own efforts here below to make this world a fit place to live in."" Finally, ""A Free Man's Worship"", perhaps the most famous single essay written by Russell, considers whether humans operate from free will.</p>",,https://audible.com/pd/B002UZKYRM?ipRedirectOverride=true&overrideBaseCountry=true,,https://www.audible.com/webplayer?asin=B002UZKYRM,https://m.media-amazon.com/images/I/41uAb7YUtdL._SL500_.jpg,https://www.goodreads.com/search?q=Bertrand%20Russell%20-%20What%20I%20Believe,__AYCL,3 Complete Essays on Religion,,true
Main,208,The Meaning of it All: Thoughts of a Citizen-Scientist,The Meaning of it All: Thoughts of a Citizen-Scientist,,,"In this collection of lectures that Richard Feynman originally gave in 1963, unpublished during his lifetime, the Nobel Prize-winning physicist discusses several of the ultimate questions of science. What is the nature of the tension between science and religious faith? Why does uncertainty play...",Richard P. Feynman,Raymond Todd,,,,,2h 50m,,,,,,,,,,,true,,,,,true,B002V1OKRA,,,,,https://audible.com/pd/B002V1OKRA?ipRedirectOverride=true&overrideBaseCountry=true,,https://www.audible.com/webplayer?asin=B002V1OKRA,https://m.media-amazon.com/images/I/41tJ38NW0TL._SL500_.jpg,https://www.goodreads.com/search?q=Richard%20P.%20Feynman%20-%20The%20Meaning%20of%20it%20All%3A%20Thoughts%20of%20a%20Citizen-Scientist,__AYCL,,,true
Main,207,The Egg and Other Stories,The Egg and Other Stories,,,"Collected for the first time anywhere, the nine tales in The Egg and Other Stories highlight Andy Weir's trademark wit and unexpected twists....",Andy Weir,"Jonathan Davis, Christy Romano, R.C. Bray",,,,,1h 17m,,,,,,,,,,,true,,,,,true,B0716H7M7K,,,,,https://audible.com/pd/B0716H7M7K?ipRedirectOverride=true&overrideBaseCountry=true,,https://www.audible.com/webplayer?asin=B0716H7M7K,https://m.media-amazon.com/images/I/41Kcd3us6+L._SL500_.jpg,https://www.goodreads.com/search?q=Andy%20Weir%20-%20The%20Egg%20and%20Other%20Stories,__AYCL,,,true
Main,206,"Other Minds: The Octopus, the Sea, and the Deep Origins of Consciousness","Other Minds: The Octopus, the Sea, and the Deep Origins of Consciousness",,,"Philosopher Peter Godfrey-Smith dons a wet suit and journeys into the depths of consciousness in Other Minds Although mammals and birds are widely regarded as the smartest creatures on earth, it has lately become clear that a very distant branch of the tree of life has also sprouted higher...",Peter Godfrey-Smith,Peter Noble,,,,,,5h 53m left,,,,,,,,,,,,,,,true,B06X9DK32S,,,,,https://audible.com/pd/B06X9DK32S?ipRedirectOverride=true&overrideBaseCountry=true,,https://www.audible.com/webplayer?asin=B06X9DK32S,https://m.media-amazon.com/images/I/51e8VAFAyUL._SL500_.jpg,https://www.goodreads.com/search?q=Peter%20Godfrey-Smith%20-%20Other%20Minds%3A%20The%20Octopus%2C%20the%20Sea%2C%20and%20the%20Deep%20Origins%20of%20Consciousness,,,,true
Main,205,"The Coming Wave: AI, Power, and Our Future","The Coming Wave: AI, Power, and Our Future",,,"NEW YORK TIMES BESTSELLER An urgent warning of the unprecedented risks that AI and other fast-developing technologies pose to global order, and how we might contain them while we have the chance—from a co-founder of the pioneering artificial intelligence company DeepMind and current CEO of...","Mustafa Suleyman, Michael Bhaskar",Mustafa Suleyman,,,,,,9h 56m left,,,,,,,,,,,,,,,true,B0BVSJKM4Z,,,,,https://audible.com/pd/B0BVSJKM4Z?ipRedirectOverride=true&overrideBaseCountry=true,,https://www.audible.com/webplayer?asin=B0BVSJKM4Z,https://m.media-amazon.com/images/I/51ZHRdqWPOL._SL500_.jpg,https://www.goodreads.com/search?q=Mustafa%20Suleyman%20-%20The%20Coming%20Wave%3A%20AI%2C%20Power%2C%20and%20Our%20Future,,,,true
Main,204,Breathless: The Scientific Race to Defeat a Deadly Virus,Breathless: The Scientific Race to Defeat a Deadly Virus,,,"National Book Award finalist Breathless tells the story of the worldwide scientific race to decipher the coronavirus SARS-CoV-2, trace its source, and make possible the vaccines to fight the Covid-19 pandemic—a “luminous, passionate account of the defining crisis of our time” (The New York...",David Quammen,Jacques Roy,,,,,,2h 8m left,,,,,,,,,,,,,,,true,B09V3HKX21,,,,,https://audible.com/pd/B09V3HKX21?ipRedirectOverride=true&overrideBaseCountry=true,,https://www.audible.com/webplayer?asin=B09V3HKX21,https://m.media-amazon.com/images/I/41UB1tgPuVL._SL500_.jpg,https://www.goodreads.com/search?q=David%20Quammen%20-%20Breathless%3A%20The%20Scientific%20Race%20to%20Defeat%20a%20Deadly%20Virus,,,,true
Main,203,The Tangled Tree: A Radical New History of Life,The Tangled Tree: A Radical New History of Life,,,"In this New York Times bestseller and longlist nominee for the National Book Award, “our greatest living chronicler of the natural world” (The New York Times), David Quammen explains how recent discoveries in molecular biology, evolutionary biology, and genetics and genomics affect our...",David Quammen,Jacques Roy,,,,,,12h 25m left,,,,,,,,,,,,,,,true,B07CP8Q46H,,,,,https://audible.com/pd/B07CP8Q46H?ipRedirectOverride=true&overrideBaseCountry=true,,https://www.audible.com/webplayer?asin=B07CP8Q46H,https://m.media-amazon.com/images/I/51N+742gyCL._SL500_.jpg,https://www.goodreads.com/search?q=David%20Quammen%20-%20The%20Tangled%20Tree%3A%20A%20Radical%20New%20History%20of%20Life,,,,true
Main,202,The Song of the Dodo: Island Biogeography in an Age of Extinctions,The Song of the Dodo: Island Biogeography in an Age of Extinctions,,,"“Compulsively readable—a masterpiece, maybe the masterpiece of science journalism.” —Bill McKibben, Audubon A brilliant, stirring work, breathtaking in its scope and far-reaching in its message, The Song of the Dodo is a crucial book in precarious times. Through personal observation...",David Quammen,Jacques Roy,,,,,,20h 25m left,,,,,,,,,,,,,,,true,1508283222,,,,,https://audible.com/pd/1508283222?ipRedirectOverride=true&overrideBaseCountry=true,,https://www.audible.com/webplayer?asin=1508283222,https://m.media-amazon.com/images/I/51fXjiTLWqL._SL500_.jpg,https://www.goodreads.com/search?q=David%20Quammen%20-%20The%20Song%20of%20the%20Dodo%3A%20Island%20Biogeography%20in%20an%20Age%20of%20Extinctions,,,,true
Main,201,Woke Racism: How a New Religion Has Betrayed Black America,Woke Racism: How a New Religion Has Betrayed Black America,,,"NEW YORK TIMES BESTSELLER New York Times bestselling author and acclaimed linguist John McWhorter argues that an illiberal neoracism, disguised as antiracism, is hurting Black communities and weakening the American social fabric. Americans of good will on both the left and the right are secretly...",John McWhorter,John McWhorter,,,,,5h 17m,,,,,,,,,,,,,,,,true,0593509900,,,,,https://audible.com/pd/0593509900?ipRedirectOverride=true&overrideBaseCountry=true,,https://www.audible.com/webplayer?asin=0593509900,https://m.media-amazon.com/images/I/417Qj1RAXHL._SL500_.jpg,https://www.goodreads.com/search?q=John%20McWhorter%20-%20Woke%20Racism%3A%20How%20a%20New%20Religion%20Has%20Betrayed%20Black%20America,,,,true
Main,200,"The Fever: Malaria Has Ruled Humankind for 500,000 Years","The Fever: Malaria Has Ruled Humankind for 500,000 Years",,,"In recent years, malaria has emerged as a cause célèbre for voguish philanthropists....",Sonia Shah,Maha Chehlaoui,,,,,,Finished,,,,,,,,,,,,,,,true,B00BPF7ULG,,,,,https://audible.com/pd/B00BPF7ULG?ipRedirectOverride=true&overrideBaseCountry=true,,https://www.audible.com/webplayer?asin=B00BPF7ULG,https://m.media-amazon.com/images/I/51nKtLSd86L._SL500_.jpg,https://www.goodreads.com/search?q=Sonia%20Shah%20-%20The%20Fever%3A%20Malaria%20Has%20Ruled%20Humankind%20for%20500%2C000%20Years,,,,true
Main,199,River out of Eden: A Darwinian View of Life,River out of Eden: A Darwinian View of Life,,,"How did the replication bomb we call ""life"" begin, and where in the world, or rather, in the universe, is it heading? Writing with characteristic wit and an ability to clarify complex phenomena (the New York Times described his style as ""[T]he sort of science writing that makes the reader feel...",Richard Dawkins,"Richard Dawkins, Lalla Ward",,,,,,2h 35m left,,,,,,,,,,,,,,,true,B07FPSV5WW,,,,,https://audible.com/pd/B07FPSV5WW?ipRedirectOverride=true&overrideBaseCountry=true,,https://www.audible.com/webplayer?asin=B07FPSV5WW,https://m.media-amazon.com/images/I/516ED6E-gFL._SL500_.jpg,https://www.goodreads.com/search?q=Richard%20Dawkins%20-%20River%20out%20of%20Eden%3A%20A%20Darwinian%20View%20of%20Life,,,,true
Main,198,"Children of Time: Children of Time, Book 1","Children of Time: Children of Time, Book 1",Children of Time (book 1),1,Adrian Tchaikovksy's critically acclaimed stand-alone novel Children of Time is the epic story of humanity's battle for survival on a terraformed planet....,Adrian Tchaikovsky,Mel Hudson,,,,,16h 31m,,,,,,,,,,,,,,,,true,B071Y9TTHC,,,,,https://audible.com/pd/B071Y9TTHC?ipRedirectOverride=true&overrideBaseCountry=true,,https://www.audible.com/webplayer?asin=B071Y9TTHC,https://m.media-amazon.com/images/I/51tuexbxdIL._SL500_.jpg,https://www.goodreads.com/search?q=Adrian%20Tchaikovsky%20-%20Children%20of%20Time%3A%20Children%20of%20Time%2C%20Book%201,,,,true
Main,197,"Harry Potter and the Order of the Phoenix, Book 5","Harry Potter and the Order of the Phoenix, Book 5","Harry Potter (book 5), Wizarding World Collection (book 5)","5, 5","Dark times have come to Hogwarts. After the Dementors' attack on his cousin Dudley, Harry Potter knows that Voldemort will stop at nothing to find him....",J.K. Rowling,Jim Dale,,,,,,2h 38m left,,,,,,,,,,,,,,,true,B017V4NMX4,,,,,https://audible.com/pd/B017V4NMX4?ipRedirectOverride=true&overrideBaseCountry=true,,https://www.audible.com/webplayer?asin=B017V4NMX4,https://m.media-amazon.com/images/I/51KHVovUpGL._SL500_.jpg,https://www.goodreads.com/search?q=J.K.%20Rowling%20-%20Harry%20Potter%20and%20the%20Order%20of%20the%20Phoenix%2C%20Book%205,,,,true
Main,196,A Sand County Almanac: And Sketches Here and There,A Sand County Almanac: And Sketches Here and There,,,"First published in 1949 and praised in the New York Times Book Review as ""full of beauty and vigor and bite"", A Sand County Almanac combines some of the finest nature writing since Thoreau with an outspoken and highly ethical regard for America's relationship to the land. As the forerunner to...","Aldo Leopold, Barbara Kingsolver - Introduction",Cassandra Campbell,,,,,,2h 25m left,,,,,,,,,,,,,,,true,1696600723,,,,,https://audible.com/pd/1696600723?ipRedirectOverride=true&overrideBaseCountry=true,,https://www.audible.com/webplayer?asin=1696600723,https://m.media-amazon.com/images/I/51lO6j688SL._SL500_.jpg,https://www.goodreads.com/search?q=Aldo%20Leopold%20-%20A%20Sand%20County%20Almanac%3A%20And%20Sketches%20Here%20and%20There,,,,true
Main,195,Footprints: In Search of Future Fossils,Footprints: In Search of Future Fossils,,,"What will the world look like in 10,000 years - or 10 million? What kinds of stories will be told about us? In Footprints: In Search of Future Fossils, the award-winning author David Farrier explores the traces we will leave for the very distant future. Modern civilization has created objects...",David Farrier,Mike Grady,,,,,,6h 52m left,,,,,,,,,,,,,,,true,1541433548,,,,,https://audible.com/pd/1541433548?ipRedirectOverride=true&overrideBaseCountry=true,,https://www.audible.com/webplayer?asin=1541433548,https://m.media-amazon.com/images/I/51wMIga1qKL._SL500_.jpg,https://www.goodreads.com/search?q=David%20Farrier%20-%20Footprints%3A%20In%20Search%20of%20Future%20Fossils,,,,true
Main,194,Brazil: A Biography,Brazil: A Biography,,,"For many Americans, Brazil is a land of contradictions: vast natural resources and entrenched corruption; extraordinary wealth and grinding poverty; beautiful beaches and violence-torn favelas. Brazil occupies a vivid place in the American imagination, and yet it remains largely unknown. In...","Lilia M. Schwarcz, Heloisa M. Starling",Sarah Mollo-Christensen,,,,,,28h 9m left,,,,,,,,,,,,,,,true,B07LGFGPMJ,,,,,https://audible.com/pd/B07LGFGPMJ?ipRedirectOverride=true&overrideBaseCountry=true,,https://www.audible.com/webplayer?asin=B07LGFGPMJ,https://m.media-amazon.com/images/I/512e8CLY9jL._SL500_.jpg,https://www.goodreads.com/search?q=Lilia%20M.%20Schwarcz%20-%20Brazil%3A%20A%20Biography,,,,true
Main,193,Gilgamesh: A New English Version,Gilgamesh: A New English Version,,,This brilliant new treatment of the world's oldest epic is a literary event on par with Seamus Heaney's wildly popular Beowulf translation. Esteemed translator and best-selling author Stephen Mitchell energizes a heroic tale so old it predates Homer's Iliad by more than a millennium. In the...,Stephen Mitchell - translator,George Guidall,,,,,,3h 45m left,,,,,,,,,,,,,,,true,B002UZJRRA,,,,,https://audible.com/pd/B002UZJRRA?ipRedirectOverride=true&overrideBaseCountry=true,,https://www.audible.com/webplayer?asin=B002UZJRRA,https://m.media-amazon.com/images/I/516NFtzVJvL._SL500_.jpg,https://www.goodreads.com/search?q=Stephen%20Mitchell%20-%20translator%20-%20Gilgamesh%3A%20A%20New%20English%20Version,,,,true
Main,192,"Harry Potter and the Goblet of Fire, Book 4","Harry Potter and the Goblet of Fire, Book 4","Harry Potter (book 4), Wizarding World Collection (book 4)","4, 4",The Triwizard Tournament is to be held at Hogwarts. Only wizards who are over seventeen are allowed to enter - but that doesn't stop Harry dreaming that he will win the competition....,J.K. Rowling,Jim Dale,,,,,,20h 23m left,,,,,,,,,,,,,,,true,B017V4NUPO,,,,,https://audible.com/pd/B017V4NUPO?ipRedirectOverride=true&overrideBaseCountry=true,,https://www.audible.com/webplayer?asin=B017V4NUPO,https://m.media-amazon.com/images/I/61m99NmM4jL._SL500_.jpg,https://www.goodreads.com/search?q=J.K.%20Rowling%20-%20Harry%20Potter%20and%20the%20Goblet%20of%20Fire%2C%20Book%204,,,,true
Main,191,Beowulf,Beowulf,,,"Translated and read by Seamus Heaney. New York Times best seller and Whitebread Book of the Year, Nobel Laureate Seamus Heaney's new translation of Beowulf comes to life in this gripping audio. Heaney's performance reminds us that Beowulf, written near the turn of another millennium, was...",Seamus Heaney,Seamus Heaney,,,,,2h 13m,,,,,,,,,,,,,,,,true,B002V5CVPY,,,,,https://audible.com/pd/B002V5CVPY?ipRedirectOverride=true&overrideBaseCountry=true,,https://www.audible.com/webplayer?asin=B002V5CVPY,https://m.media-amazon.com/images/I/51E-fX9sVZL._SL500_.jpg,https://www.goodreads.com/search?q=Seamus%20Heaney%20-%20Beowulf,,,,true
Main,190,A Writer's Diary,A Writer's Diary,,,"From 1918 to 1941, even as she penned masterpiece upon masterpiece, Virginia Woolf kept a diary. She poured into it her thoughts, feelings, concerns, objections, interests, and disappointments -resulting in 26 volumes that give unprecedented insight into the mind of a genius. Collected...",Virginia Woolf,Susan Ericksen,,,,,,15h 16m left,,,,,,,,,,,,,,,true,B07L1BZZVR,,,,,https://audible.com/pd/B07L1BZZVR?ipRedirectOverride=true&overrideBaseCountry=true,,https://www.audible.com/webplayer?asin=B07L1BZZVR,https://m.media-amazon.com/images/I/41fyaj7BzbL._SL500_.jpg,https://www.goodreads.com/search?q=Virginia%20Woolf%20-%20A%20Writer's%20Diary,,,,true
Main,189,Fantastic Beasts and Where to Find Them: A Harry Potter Hogwarts Library Book,Fantastic Beasts and Where to Find Them: A Harry Potter Hogwarts Library Book,"Hogwarts Library Books, Wizarding World Collection, Wizarding World",∞,"An approved textbook at Hogwarts School of Witchcraft and Wizardry since its first publication, Fantastic Beasts and Where to Find Them is an indispensable guide to the magical beasts of the wizarding world....","J.K. Rowling, Newt Scamander",Eddie Redmayne,,,,,,1h 14m left,,,,,,,,,,,,,,,true,B01N4S7VVP,,,,,https://audible.com/pd/B01N4S7VVP?ipRedirectOverride=true&overrideBaseCountry=true,,https://www.audible.com/webplayer?asin=B01N4S7VVP,https://m.media-amazon.com/images/I/51H5f0FaYCL._SL500_.jpg,https://www.goodreads.com/search?q=J.K.%20Rowling%20-%20Fantastic%20Beasts%20and%20Where%20to%20Find%20Them%3A%20A%20Harry%20Potter%20Hogwarts%20Library%20Book,,,,true
Main,188,"Harry Potter and the Prisoner of Azkaban, Book 3","Harry Potter and the Prisoner of Azkaban, Book 3","Harry Potter (book 3), Wizarding World Collection (book 3)","3, 3","When the Knight Bus crashes through the darkness and screeches to a halt in front of him, it's the start of another far from ordinary year at Hogwarts for Harry Potter. Sirius Black, escaped mass-murderer and follower of Lord Voldemort, is on the run - and they say he is coming after Harry....",J.K. Rowling,Jim Dale,,,,,,7m left,,,,,,,,,,,,,,,true,B017V4JA2Q,,,,,https://audible.com/pd/B017V4JA2Q?ipRedirectOverride=true&overrideBaseCountry=true,,https://www.audible.com/webplayer?asin=B017V4JA2Q,https://m.media-amazon.com/images/I/51O29wSqEsL._SL500_.jpg,https://www.goodreads.com/search?q=J.K.%20Rowling%20-%20Harry%20Potter%20and%20the%20Prisoner%20of%20Azkaban%2C%20Book%203,,,,true
Main,187,"Harry Potter and the Chamber of Secrets, Book 2","Harry Potter and the Chamber of Secrets, Book 2","Harry Potter (book 2), Wizarding World Collection (book 2)","2, 2","Harry Potter's summer has included the worst birthday ever, doomy warnings from a house-elf called Dobby, and rescue from the Dursleys by his friend Ron Weasley in a magical flying car!....",J.K. Rowling,Jim Dale,,,,,,5m left,,,,,,,,,,,,,,,true,B017V4IWVG,,,,,https://audible.com/pd/B017V4IWVG?ipRedirectOverride=true&overrideBaseCountry=true,,https://www.audible.com/webplayer?asin=B017V4IWVG,https://m.media-amazon.com/images/I/61fmfnA-uCL._SL500_.jpg,https://www.goodreads.com/search?q=J.K.%20Rowling%20-%20Harry%20Potter%20and%20the%20Chamber%20of%20Secrets%2C%20Book%202,,,,true
Main,186,"Harry Potter and the Sorcerer's Stone, Book 1","Harry Potter and the Sorcerer's Stone, Book 1","Wizarding World Collection (book 1), Harry Potter (book 1)","1, 1","Harry Potter has never even heard of Hogwarts when the letters start dropping on the doormat at number four, Privet Drive. Addressed in green ink on yellowish parchment with a purple seal, they are swiftly confiscated by his grisly aunt and uncle....",J.K. Rowling,Jim Dale,,,,,,4m left,,,,,,,,,,,,,,,true,B017V4IM1G,,,,,https://audible.com/pd/B017V4IM1G?ipRedirectOverride=true&overrideBaseCountry=true,,https://www.audible.com/webplayer?asin=B017V4IM1G,https://m.media-amazon.com/images/I/51xJbFMRsxL._SL500_.jpg,https://www.goodreads.com/search?q=J.K.%20Rowling%20-%20Harry%20Potter%20and%20the%20Sorcerer's%20Stone%2C%20Book%201,,,,true
Main,185,Eating to Extinction: The World's Rarest Foods and Why We Need to Save Them,Eating to Extinction: The World's Rarest Foods and Why We Need to Save Them,,,"This audiobook is read by the author. Dan Saladino's Eating to Extinction is the prominent broadcaster’s pathbreaking tour of the world’s vanishing foods and his argument for why they matter now more than ever Over the past several decades, globalization has homogenized what we eat, and done...",Dan Saladino,Dan Saladino,,,,,,13h 18m left,,,,,,,,,,,,,,,true,1250841127,,,,,https://audible.com/pd/1250841127?ipRedirectOverride=true&overrideBaseCountry=true,,https://www.audible.com/webplayer?asin=1250841127,https://m.media-amazon.com/images/I/51B8fijTubL._SL500_.jpg,https://www.goodreads.com/search?q=Dan%20Saladino%20-%20Eating%20to%20Extinction%3A%20The%20World's%20Rarest%20Foods%20and%20Why%20We%20Need%20to%20Save%20Them,,,,true
Main,184,Gathering Moss: A Natural and Cultural History of Mosses,Gathering Moss,,,"Living at the limits of our ordinary perception, mosses are a common but largely unnoticed element of the natural world. Gathering Moss is a beautifully written mix of science and personal reflection that invites listeners to explore and learn from the elegantly simple lives of mosses. Robin...",Robin Wall Kimmerer,Robin Wall Kimmerer,"Science, Botany & Plants, Thought-Provoking, Biological Sciences, Biology, Environment, Outdoors & Nature, Inspiring",Science & Engineering > Science,Science & Engineering,Science,7h 46m ,7h 18m left,2018-09-19,Tantor Media,,4.7,1949,,Unabridged Audiobook,English,available,true,true,,,,,1977376150,,,"<p>Living at the limits of our ordinary perception, mosses are a common but largely unnoticed element of the natural world.<i> Gathering Moss</i> is a beautifully written mix of science and personal reflection that invites listeners to explore and learn from the elegantly simple lives of mosses. </p> <p>Robin Wall Kimmerer's audiobook is not an identification guide, nor is it a scientific treatise. Rather, it is a series of linked personal essays that will lead general listeners and scientists alike to an understanding of how mosses live and how their lives are intertwined with the lives of countless other beings, from salmon and hummingbirds to redwoods and rednecks. Kimmerer clearly and artfully explains the biology of mosses, while at the same time reflecting on what these fascinating organisms have to teach us. </p> <p>Drawing on her diverse experiences as a scientist, mother, teacher, and writer of Native American heritage, Kimmerer explains the stories of mosses in scientific terms as well as in the framework of indigenous ways of knowing. In her audiobook, the natural history and cultural relationships of mosses become a powerful metaphor for ways of living in the world.</p>",,https://audible.com/pd/1977376150?ipRedirectOverride=true&overrideBaseCountry=true,,https://www.audible.com/webplayer?asin=1977376150,https://m.media-amazon.com/images/I/51sz6Frwg7L._SL500_.jpg,https://www.goodreads.com/search?q=Robin%20Wall%20Kimmerer%20-%20Gathering%20Moss,__AYCL,A Natural and Cultural History of Mosses,,true
Main,183,The Cheating Cell: How Evolution Helps Us Understand and Treat Cancer,The Cheating Cell: How Evolution Helps Us Understand and Treat Cancer,,,"When we think of the forces driving cancer, we don’t necessarily think of evolution. But evolution and cancer are closely linked, for the historical processes that created life also created cancer. The Cheating Cell delves into this extraordinary relationship....",Athena Aktipis,Laurel Lefkow,,,,,7h 53m,,,,,,,,,,,,,,,,true,0691205094,,,,,https://audible.com/pd/0691205094?ipRedirectOverride=true&overrideBaseCountry=true,,https://www.audible.com/webplayer?asin=0691205094,https://m.media-amazon.com/images/I/51-jqWmqsYL._SL500_.jpg,https://www.goodreads.com/search?q=Athena%20Aktipis%20-%20The%20Cheating%20Cell%3A%20How%20Evolution%20Helps%20Us%20Understand%20and%20Treat%20Cancer,,,,true
Main,182,The Dead Sea Scrolls,The Dead Sea Scrolls,The Great Courses: Comparative & World Religion,∞,"Learn what the scrolls are, what they contain, and how the insights they offered into religious and ancient history came into focus....","Gary A. Rendsburg, The Great Courses",Gary A. Rendsburg,,,,,12h 21m,,,,,,,,,,,true,,,,,true,B00D97T33G,,,,,https://audible.com/pd/B00D97T33G?ipRedirectOverride=true&overrideBaseCountry=true,,https://www.audible.com/webplayer?asin=B00D97T33G,https://m.media-amazon.com/images/I/51z45evbiqL._SL500_.jpg,https://www.goodreads.com/search?q=Gary%20A.%20Rendsburg%20-%20The%20Dead%20Sea%20Scrolls,__AYCL,,,true
Main,181,The Light We Carry: Overcoming in Uncertain Times,The Light We Carry: Overcoming in Uncertain Times,,,"2024 Grammy Award Winner #1 NEW YORK TIMES AND USA TODAY BESTSELLER In an inspiring follow-up to her acclaimed memoir Becoming, former First Lady Michelle Obama shares practical wisdom and powerful strategies for staying hopeful and balanced in today’s highly uncertain world. ...",Michelle Obama,Michelle Obama,,,,,,6h 59m left,,,,,,,,,,,,,,,true,B0B5FP7Z48,,,,,https://audible.com/pd/B0B5FP7Z48?ipRedirectOverride=true&overrideBaseCountry=true,,https://www.audible.com/webplayer?asin=B0B5FP7Z48,https://m.media-amazon.com/images/I/51RHVNwB0YL._SL500_.jpg,https://www.goodreads.com/search?q=Michelle%20Obama%20-%20The%20Light%20We%20Carry%3A%20Overcoming%20in%20Uncertain%20Times,,,,true
Main,180,"History of the Guianas: A Fascinating Guide to French Guiana, Guyana, and Suriname","History of the Guianas: A Fascinating Guide to French Guiana, Guyana, and Suriname",,,"This audiobook History of the Guianas: A Fascinating Guide to French Guiana, Guyana, and Suriname will help you learn about the three small but beautiful South American countries you definitely want to know more about....",David Robbins,Steven Barnett,,,,,,24m left,,,,,,,,,,,,,,,true,B084SWBH9N,,,,,https://audible.com/pd/B084SWBH9N?ipRedirectOverride=true&overrideBaseCountry=true,,https://www.audible.com/webplayer?asin=B084SWBH9N,https://m.media-amazon.com/images/I/517hx5mEAWL._SL500_.jpg,https://www.goodreads.com/search?q=David%20Robbins%20-%20History%20of%20the%20Guianas%3A%20A%20Fascinating%20Guide%20to%20French%20Guiana%2C%20Guyana%2C%20and%20Suriname,,,,true
Main,179,The Knowledge: How to Rebuild Our World from Scratch,The Knowledge: How to Rebuild Our World from Scratch,,,"Most of us are ignorant about the fundamental principles of the civilization that supports us, happily utilizing the latest - or even the most basic - technology without having the slightest idea of why it works or how it came to be. If you had to go back to absolute basics, like some sort of...",Lewis Dartnell,John Lee,,,,,,6h 48m left,,,,,,,,,,,,,,,true,B00J55GD0W,,,,,https://audible.com/pd/B00J55GD0W?ipRedirectOverride=true&overrideBaseCountry=true,,https://www.audible.com/webplayer?asin=B00J55GD0W,https://m.media-amazon.com/images/I/61piDoZ7ZSL._SL500_.jpg,https://www.goodreads.com/search?q=Lewis%20Dartnell%20-%20The%20Knowledge%3A%20How%20to%20Rebuild%20Our%20World%20from%20Scratch,,,,true
Main,178,Tales from the Ant World,Tales from the Ant World,,,"Edward O. Wilson recalls his lifetime with ants - from his first boyhood encounters in the woods of Alabama to perilous journeys into the Brazilian rainforest. ""Ants are the most warlike of all animals, with colony pitted against colony.... Their clashes dwarf Waterloo and Gettysburg""...",Edward O. Wilson,Jonathan Hogan,,,,,,&lt;1 min,,,,,,,,,,,,,,,true,1980091714,,,,,https://audible.com/pd/1980091714?ipRedirectOverride=true&overrideBaseCountry=true,,https://www.audible.com/webplayer?asin=1980091714,https://m.media-amazon.com/images/I/51FCV4rJO9L._SL500_.jpg,https://www.goodreads.com/search?q=Edward%20O.%20Wilson%20-%20Tales%20from%20the%20Ant%20World,,,,true
Main,177,Remembrance of Things Past: Swann's Way,Remembrance of Things Past: Swann's Way,Remembrance of Things Past (book 1),1,Swann's Way is Marcel Proust's literary masterpiece and the first part of the multivolume audiobook Remembrance of Things Past....,"Marcel Proust, Scott Moncrieff - translator",John Rowe,,,,,19h 44m,,,,,,,,,,,true,,,,,true,B002V9ZH3S,,,,,https://audible.com/pd/B002V9ZH3S?ipRedirectOverride=true&overrideBaseCountry=true,,https://www.audible.com/webplayer?asin=B002V9ZH3S,https://m.media-amazon.com/images/I/61hNZCgzCbL._SL500_.jpg,https://www.goodreads.com/search?q=Marcel%20Proust%20-%20Remembrance%20of%20Things%20Past%3A%20Swann's%20Way,__AYCL,,,true
Main,176,Antarctica,Antarctica,,,"The award-winning author of the Mars trilogy takes listeners to the last pure wilderness on Earth in this powerful and majestic novel. It is a stark and inhospitable place, where the landscape itself poses a challenge to survival, yet its strange, silent beauty has long fascinated scientists and...",Kim Stanley Robinson,Adam Verner,,,,,,13h 2m left,,,,,,,,,,,,,,,true,1665108649,,,,,https://audible.com/pd/1665108649?ipRedirectOverride=true&overrideBaseCountry=true,,https://www.audible.com/webplayer?asin=1665108649,https://m.media-amazon.com/images/I/513sBrt0dKS._SL500_.jpg,https://www.goodreads.com/search?q=Kim%20Stanley%20Robinson%20-%20Antarctica,,,,true
Main,175,2312,2312,,,"From the acclaimed author of New York 2140 and Red Mars, this NYT bestselling novel tells the story of a future where humanity has populated miraculous new habitats engineered across the solar system -- and the one death that triggers a precarious chain of events that could destroy it all. The...",Kim Stanley Robinson,Sarah Zimmerman,,,,,,18h 59m left,,,,,,,,,,,,,,,true,B0082D73U2,,,,,https://audible.com/pd/B0082D73U2?ipRedirectOverride=true&overrideBaseCountry=true,,https://www.audible.com/webplayer?asin=B0082D73U2,https://m.media-amazon.com/images/I/51hSWSIvwBL._SL500_.jpg,https://www.goodreads.com/search?q=Kim%20Stanley%20Robinson%20-%202312,,,,true
Main,174,The High Sierra: A Love Story,The High Sierra: A Love Story,,,"A “sublime” and “radically original” exploration of the Sierra Nevadas, the best mountains on Earth for hiking and camping, from New York Times bestselling novelist Kim Stanley Robinson (—Bill McKibben, Gary Snyder). Kim Stanley Robinson first ventured into the Sierra Nevada mountains...",Kim Stanley Robinson,Kim Stanley Robinson,,,,,16h 30m,,,,,,,,,,,,,,,,true,B09S3ZY17D,,,,,https://audible.com/pd/B09S3ZY17D?ipRedirectOverride=true&overrideBaseCountry=true,,https://www.audible.com/webplayer?asin=B09S3ZY17D,https://m.media-amazon.com/images/I/51R97EAhFXL._SL500_.jpg,https://www.goodreads.com/search?q=Kim%20Stanley%20Robinson%20-%20The%20High%20Sierra%3A%20A%20Love%20Story,,,,true
Main,173,What We Owe the Future,What We Owe the Future,,,An Oxford philosopher makes the case for “longtermism”—that positively influencing the long-term future is a key moral priority of our time The fate of the world is in our hands. Humanity’s written history spans only five thousand years. Our yet-unwritten future could last for millions...,William MacAskill,William MacAskill,,,,,,Finished,,,,,,,,,,,,,,,true,B0B75V5B9V,,,,,https://audible.com/pd/B0B75V5B9V?ipRedirectOverride=true&overrideBaseCountry=true,,https://www.audible.com/webplayer?asin=B0B75V5B9V,https://m.media-amazon.com/images/I/41FpmuUB33L._SL500_.jpg,https://www.goodreads.com/search?q=William%20MacAskill%20-%20What%20We%20Owe%20the%20Future,,,,true
Main,172,"Braiding Sweetgrass: Indigenous Wisdom, Scientific Knowledge and the Teachings of Plants","Braiding Sweetgrass: Indigenous Wisdom, Scientific Knowledge and the Teachings of Plants",,,"As a botanist and professor of plant ecology, Robin Wall Kimmerer has spent a career learning how to ask questions of nature using the tools of science. As a Potawatomi woman, she learned from elders, family, and history that the Potawatomi, as well as a majority of other cultures indigenous to...",Robin Wall Kimmerer,Robin Wall Kimmerer,,,,,,11h 52m left,,,,,,,,,,,,,,,true,B01H478VR0,,,,,https://audible.com/pd/B01H478VR0?ipRedirectOverride=true&overrideBaseCountry=true,,https://www.audible.com/webplayer?asin=B01H478VR0,https://m.media-amazon.com/images/I/61nD2KiCA5L._SL500_.jpg,https://www.goodreads.com/search?q=Robin%20Wall%20Kimmerer%20-%20Braiding%20Sweetgrass%3A%20Indigenous%20Wisdom%2C%20Scientific%20Knowledge%20and%20the%20Teachings%20of%20Plants,,,,true
Main,171,Fierce Intimacy: Standing Up to One Another with Love,Fierce Intimacy: Standing Up to One Another with Love,,,"Proven Skills for Navigating the Real Challenges of Intimate Relationships What does it take for couples to sustain love? How can you deepen your relationship even when you and your partner disagree, fight, or let each other down? “Intimacy isn’t something you have. It’s something you do...",Terence Real,Terence Real,,,,,,Finished,,,,,,,,,,,,,,,true,B07FXXHF76,,,,,https://audible.com/pd/B07FXXHF76?ipRedirectOverride=true&overrideBaseCountry=true,,https://www.audible.com/webplayer?asin=B07FXXHF76,https://m.media-amazon.com/images/I/41T-tZtTi2L._SL500_.jpg,https://www.goodreads.com/search?q=Terence%20Real%20-%20Fierce%20Intimacy%3A%20Standing%20Up%20to%20One%20Another%20with%20Love,,,,true
Main,170,"Ways of Being: Animals, Plants, Machines: The Search for a Planetary Intelligence","Ways of Being: Animals, Plants, Machines: The Search for a Planetary Intelligence",,,"""There's joy in self-described ""satellite nerd"" James Bridle's British-accented voice as he narrates this audiobook about consciousness and the search for planetary intelligence."" - AudioFile Magazine This audiobook is read by the author. Artist, technologist, and philosopher James Bridle’s...",James Bridle,James Bridle,,,,,,6h 8m left,,,,,,,,,,,,,,,true,B09GGXRDVF,,,,,https://audible.com/pd/B09GGXRDVF?ipRedirectOverride=true&overrideBaseCountry=true,,https://www.audible.com/webplayer?asin=B09GGXRDVF,https://m.media-amazon.com/images/I/61igOdjDkhL._SL500_.jpg,https://www.goodreads.com/search?q=James%20Bridle%20-%20Ways%20of%20Being%3A%20Animals%2C%20Plants%2C%20Machines%3A%20The%20Search%20for%20a%20Planetary%20Intelligence,,,,true
Main,169,The Elephant in the Brain: Hidden Motives in Everyday Life,The Elephant in the Brain: Hidden Motives in Everyday Life,,,"Human beings are primates, and primates are political animals. Our brains, therefore, are designed not just to hunt and gather but also to help us get ahead socially, often via deception and self-deception. But while we may be self-interested schemers, we benefit by pretending otherwise. The...","Kevin Simler, Robin Hanson",Jeffrey Kafer,,,,,,9h 54m left,,,,,,,,,,,,,,,true,1541446216,,,,,https://audible.com/pd/1541446216?ipRedirectOverride=true&overrideBaseCountry=true,,https://www.audible.com/webplayer?asin=1541446216,https://m.media-amazon.com/images/I/41fEeQG1lXL._SL500_.jpg,https://www.goodreads.com/search?q=Kevin%20Simler%20-%20The%20Elephant%20in%20the%20Brain%3A%20Hidden%20Motives%20in%20Everyday%20Life,,,,true
Main,168,The Hydrogen Sonata,The Hydrogen Sonata,Culture (book 10),10,"The New York Times bestselling Culture novel. . . The Scavenger species are circling. It is, truly, provably, the End Days for the Gzilt civilization. An ancient people, organized on military principles and yet almost perversely peaceful, the Gzilt helped set up the Culture ten thousand years...",Iain M. Banks,Peter Kenny,,,,,,10h 30m left,,,,,,,,,,,,,,,true,B009KPSRIS,,,,,https://audible.com/pd/B009KPSRIS?ipRedirectOverride=true&overrideBaseCountry=true,,https://www.audible.com/webplayer?asin=B009KPSRIS,https://m.media-amazon.com/images/I/51zU8xpdkTL._SL500_.jpg,https://www.goodreads.com/search?q=Iain%20M.%20Banks%20-%20The%20Hydrogen%20Sonata,,,,true
Main,167,1491: New Revelations of the Americas Before Columbus,1491: New Revelations of the Americas Before Columbus,,,"A groundbreaking study that radically alters our understanding of the Americas before the arrival of the Europeans in 1492. Traditionally, Americans learned in school that the ancestors of the people who inhabited the Western Hemisphere at the time of Columbus’s landing had crossed the Bering...",Charles C. Mann,Darrell Dennis,,,,,,7h 39m left,,,,,,,,,,,,,,,true,B01KTWQKTS,,,,,https://audible.com/pd/B01KTWQKTS?ipRedirectOverride=true&overrideBaseCountry=true,,https://www.audible.com/webplayer?asin=B01KTWQKTS,https://m.media-amazon.com/images/I/512rzuss8lL._SL500_.jpg,https://www.goodreads.com/search?q=Charles%20C.%20Mann%20-%201491%3A%20New%20Revelations%20of%20the%20Americas%20Before%20Columbus,,,,true
Main,166,"Hiroshima Diary: The Journal of a Japanese Physician, August 6-September 30, 1945","Hiroshima Diary: The Journal of a Japanese Physician, August 6-September 30, 1945",,,"The late Dr. Michihiko Hachiya was director of the Hiroshima Communications Hospital when the world's first atomic bomb was dropped on the city. Though his responsibilities in the appalling chaos of a devastated city were awesome, he found time to record the story daily, with compassion and...",Michihiko Hachiya MD,Robertson Dean,,,,,,3h 22m left,,,,,,,,,,,,,,,true,B00PRB0GVU,,,,,https://audible.com/pd/B00PRB0GVU?ipRedirectOverride=true&overrideBaseCountry=true,,https://www.audible.com/webplayer?asin=B00PRB0GVU,https://m.media-amazon.com/images/I/51EJTPoHajL._SL500_.jpg,https://www.goodreads.com/search?q=Michihiko%20Hachiya%20MD%20-%20Hiroshima%20Diary%3A%20The%20Journal%20of%20a%20Japanese%20Physician%2C%20August%206-September%2030%2C%201945,,,,true
Main,165,No Time to Spare,No Time to Spare,,,"From acclaimed author Ursula K. Le Guin, and with an introduction by Karen Joy Fowler, a collection of thoughts - always adroit, often acerbic - on aging, belief, the state of literature, and the state of the nation. Ursula K. Le Guin has taken listeners to imaginary worlds for decades. Now...",Ursula K. Le Guin,Barbara Caruso,,,,,,3m left,,,,,,,,,,,,,,,true,B078XL1VVM,,,,,https://audible.com/pd/B078XL1VVM?ipRedirectOverride=true&overrideBaseCountry=true,,https://www.audible.com/webplayer?asin=B078XL1VVM,https://m.media-amazon.com/images/I/515wMzxaSUL._SL500_.jpg,https://www.goodreads.com/search?q=Ursula%20K.%20Le%20Guin%20-%20No%20Time%20to%20Spare,,,,true
Main,164,Lifespan: Why We Age—and Why We Don't Have To,Lifespan: Why We Age—and Why We Don't Have To,,,Audio Bonus! Includes exclusive conversations with the authors! A NEW YORK TIMES BESTSELLER “Brilliant and enthralling.”​ —The Wall Street Journal A paradigm-shifting book from an acclaimed Harvard Medical School scientist and one of Time’s most influential people. It’s a seemingly...,"David Sinclair, Matthew D. LaPlante",David Sinclair,,,,,,Finished,,,,,,,,,,,,,,,true,1508296057,,,,,https://audible.com/pd/1508296057?ipRedirectOverride=true&overrideBaseCountry=true,,https://www.audible.com/webplayer?asin=1508296057,https://m.media-amazon.com/images/I/51bb7yJqDNL._SL500_.jpg,https://www.goodreads.com/search?q=David%20Sinclair%20-%20Lifespan%3A%20Why%20We%20Age%E2%80%94and%20Why%20We%20Don't%20Have%20To,,,,true
Main,163,"She Has Her Mother's Laugh: The Powers, Perversions, and Potential of Heredity","She Has Her Mother's Laugh: The Powers, Perversions, and Potential of Heredity",,,"2019 PEN/E.O. Wilson Literary Science Writing Award Finalist ""Science book of the year""—The Guardian One of New York Times 100 Notable Books for 2018 One of Publishers Weekly's Top Ten Books of 2018 One of Kirkus's Best Books of 2018 One of Mental Floss's Best Books of 2018 One of Science...",Carl Zimmer,Joe Ochman,,,,,,Finished,,,,,,,,,,,,,,,true,B07B53R465,,,,,https://audible.com/pd/B07B53R465?ipRedirectOverride=true&overrideBaseCountry=true,,https://www.audible.com/webplayer?asin=B07B53R465,https://m.media-amazon.com/images/I/51qExCJg4YL._SL500_.jpg,https://www.goodreads.com/search?q=Carl%20Zimmer%20-%20She%20Has%20Her%20Mother's%20Laugh%3A%20The%20Powers%2C%20Perversions%2C%20and%20Potential%20of%20Heredity,,,,true
Main,162,The Good Ancestor: A Radical Prescription for Long-Term Thinking,The Good Ancestor: A Radical Prescription for Long-Term Thinking,,,"A call to save ourselves and our planet by targeting the root of our inaction: extreme short-sightedness “The most important question we must ask ourselves is: Are we being good ancestors?” So said Jonas Salk, who cured polio in 1953. Salk saved millions of lives, but he refused to patent...",Roman Krznaric,Joe Jameson,,,,,,Finished,,,,,,,,,,,,,,,true,1799924122,,,,,https://audible.com/pd/1799924122?ipRedirectOverride=true&overrideBaseCountry=true,,https://www.audible.com/webplayer?asin=1799924122,https://m.media-amazon.com/images/I/41oVRi3pNEL._SL500_.jpg,https://www.goodreads.com/search?q=Roman%20Krznaric%20-%20The%20Good%20Ancestor%3A%20A%20Radical%20Prescription%20for%20Long-Term%20Thinking,,,,true
Main,161,The Best of Kim Stanley Robinson,The Best of Kim Stanley Robinson,,,"Adventurers, scientists, artists, workers, and visionaries - these are the men and women you will encounter in the short fiction of Kim Stanley Robinson....",Kim Stanley Robinson,David Marantz,,,,,,16h 6m left,,,,,,,,,,,,,,,true,B00IJEB2VU,,,,,https://audible.com/pd/B00IJEB2VU?ipRedirectOverride=true&overrideBaseCountry=true,,https://www.audible.com/webplayer?asin=B00IJEB2VU,https://m.media-amazon.com/images/I/51ECsNkHk5L._SL500_.jpg,https://www.goodreads.com/search?q=Kim%20Stanley%20Robinson%20-%20The%20Best%20of%20Kim%20Stanley%20Robinson,,,,true
Main,160,Moby Dick,Moby Dick,,,"""Call me Ishmael."" Thus starts the greatest American novel....",Herman Melville,William Hootkins,"United States, World Literature, Inspiring",Literature & Fiction > World Literature,Literature & Fiction,World Literature,24h 49m ,,2004-12-26,Naxos AudioBooks,,4.5,5120,,Unabridged Audiobook,English,available,true,true,,,,,B0038GOF7C,,,"""Call me Ishmael."" Thus starts the greatest American novel. Melville said himself that he wanted to write ""a mighty book about a mighty theme"" and so he did. It is a story of one man's obsessive revenge-journey against the white whale, Moby-Dick, who injured him in an earlier meeting. Woven into the story of the last journey of <i>The Pequod</i> is a mesh of philosophy, rumination, religion, history, and a mass of information about whaling through the ages.",,https://audible.com/pd/B0038GOF7C?ipRedirectOverride=true&overrideBaseCountry=true,,https://www.audible.com/webplayer?asin=B0038GOF7C,https://m.media-amazon.com/images/I/51j7zrSt+VL._SL500_.jpg,https://www.goodreads.com/search?q=Herman%20Melville%20-%20Moby%20Dick,__AYCL,,,true
Main,159,Emergent Strategy,Emergent Strategy,Emergent Strategy (book 0),0,"Radical self-help, society-help, and planet-help to help us shape the futures we want....",adrienne maree brown,adrienne maree brown,,,,,,1h 55m left,,,,,,,,,,,,,,,true,1849354545,,,,,https://audible.com/pd/1849354545?ipRedirectOverride=true&overrideBaseCountry=true,,https://www.audible.com/webplayer?asin=1849354545,https://m.media-amazon.com/images/I/51PdbzshuDS._SL500_.jpg,https://www.goodreads.com/search?q=adrienne%20maree%20brown%20-%20Emergent%20Strategy,,,,true
Main,158,The Wizard and the Prophet: Two Remarkable Scientists and Their Dueling Visions to Shape Tomorrow's World,The Wizard and the Prophet: Two Remarkable Scientists and Their Dueling Visions to Shape Tomorrow's World,,,"From the bestselling, award-winning author of 1491 and 1493—an incisive portrait of the two little-known twentieth-century scientists, Norman Borlaug and William Vogt, whose diametrically opposed views shaped our ideas about the environment, laying the groundwork for how people in the...",Charles C. Mann,Bronson Pinchot,,,,,,17h 36m left,,,,,,,,,,,,,,,true,B075DL9YMD,,,,,https://audible.com/pd/B075DL9YMD?ipRedirectOverride=true&overrideBaseCountry=true,,https://www.audible.com/webplayer?asin=B075DL9YMD,https://m.media-amazon.com/images/I/51OhWgdbrJL._SL500_.jpg,https://www.goodreads.com/search?q=Charles%20C.%20Mann%20-%20The%20Wizard%20and%20the%20Prophet%3A%20Two%20Remarkable%20Scientists%20and%20Their%20Dueling%20Visions%20to%20Shape%20Tomorrow's%20World,,,,true
Main,157,"Surely You're Joking, Mr. Feynman!","Surely You're Joking, Mr. Feynman!",,,"One of the most famous science books of our time, the phenomenal national bestseller that “buzzes with energy, anecdote and life. It almost makes you want to become a physicist” (Science Digest). Richard Feynman, one of the world’s greatest theoretical physicists, thrived on adventure. His...",Richard P. Feynman,Raymond Todd,"Science & Technology, Witty, Thought-Provoking, Inspiring, Biographies & Memoirs, Professionals & Academics, Funny, Suspenseful",Biographies & Memoirs > Professionals & Academics,Biographies & Memoirs,Professionals & Academics,11h 31m ,,1998-12-27,"Blackstone Audio, Inc.",,4.6,12253,,Unabridged Audiobook,English,available,true,true,,,,,B002V5D7IE,,,"<p><strong>One of the most famous science books of our time, the phenomenal national bestseller that “buzzes with energy, anecdote and life. It almost makes you want to become a physicist” (</strong><em><strong>Science Digest</strong></em><strong>).</strong></p> <p>Richard Feynman, one of the world’s greatest theoretical physicists, thrived on adventure. His outrageous exploits once shocked a Princeton dean’s wife to exclaim: “Surely you’re joking, Mr. Feynman!”</p> <p>In this phenomenal national bestseller, the Nobel Prize–winning physicist recounts in his inimitable voice his experiences trading ideas on atomic physics with Einstein and Bohr and ideas on gambling with Nick the Greek, painting a naked female toreador, accompanying a ballet on his bongo drums, and much else of an eyebrow-raising and hilarious nature. Woven together with his views on science, Feynman’s life story is a combustible mixture of high intelligence, unlimited curiosity, eternal skepticism, and raging chutzpah.</p>",,https://audible.com/pd/B002V5D7IE?ipRedirectOverride=true&overrideBaseCountry=true,,https://www.audible.com/webplayer?asin=B002V5D7IE,https://m.media-amazon.com/images/I/510fhCMBFoL._SL500_.jpg,https://www.goodreads.com/search?q=Richard%20P.%20Feynman%20-%20Surely%20You're%20Joking%2C%20Mr.%20Feynman!,__AYCL,,,true
Main,156,Mortality,Mortality,,,"On June 8, 2010, while on a book tour for his bestselling memoir, Hitch-22, Christopher Hitchens was stricken in his New York hotel room with excruciating pain in his chest and thorax. As he would later write in the first of a series of award-winning columns for Vanity Fair, he suddenly found...",Christopher Hitchens,Simon Prebble,,,,,,22m left,,,,,,,,,,,,,,,true,B008PT499Q,,,,,https://audible.com/pd/B008PT499Q?ipRedirectOverride=true&overrideBaseCountry=true,,https://www.audible.com/webplayer?asin=B008PT499Q,https://m.media-amazon.com/images/I/41+g8WKRoeL._SL500_.jpg,https://www.goodreads.com/search?q=Christopher%20Hitchens%20-%20Mortality,,,,true
Main,155,Deep Work: Rules for Focused Success in a Distracted World,Deep Work: Rules for Focused Success in a Distracted World,,,"Millions of copies sold! The bestselling modern classic that sparked a worldwide conversation about the value of concentration—and the true costs of fractured attention. “I’m handing you the answer to the overwhelm you feel, and his name is Dr. Cal Newport.” —Mel Robbins, The Mel...",Cal Newport,Jeff Bottoms,,,,,,6h 20m left,,,,,,,,,,,,,,,true,B0189PX1RQ,,,,,https://audible.com/pd/B0189PX1RQ?ipRedirectOverride=true&overrideBaseCountry=true,,https://www.audible.com/webplayer?asin=B0189PX1RQ,https://m.media-amazon.com/images/I/51CTJKORW7L._SL500_.jpg,https://www.goodreads.com/search?q=Cal%20Newport%20-%20Deep%20Work%3A%20Rules%20for%20Focused%20Success%20in%20a%20Distracted%20World,,,,true
Main,154,So Good They Can't Ignore You: Why Skills Trump Passion in the Quest for Work You Love,So Good They Can't Ignore You: Why Skills Trump Passion in the Quest for Work You Love,,,"In this book with unique perspective, professor Cal Newport debunks the long-held belief that ""follow your passion"" is good advice, and sets out to discover the reality of how people end up loving their careers. A focus on passion over skill can be dangerous, leading to anxiety and chronic job...",Cal Newport,Dave Mallow,,,,,,6h 20m left,,,,,,,,,,,,,,,true,B00995OX28,,,,,https://audible.com/pd/B00995OX28?ipRedirectOverride=true&overrideBaseCountry=true,,https://www.audible.com/webplayer?asin=B00995OX28,https://m.media-amazon.com/images/I/51FteuQ37hL._SL500_.jpg,https://www.goodreads.com/search?q=Cal%20Newport%20-%20So%20Good%20They%20Can't%20Ignore%20You%3A%20Why%20Skills%20Trump%20Passion%20in%20the%20Quest%20for%20Work%20You%20Love,,,,true
Main,153,Pleasure Activism: The Politics of Feeling Good (Emergent Strategy),Pleasure Activism: The Politics of Feeling Good (Emergent Strategy),Emergent Strategy (book 1),1,"How do we make social justice the most pleasurable human experience? How can we awaken within ourselves desires that make it impossible to settle for anything less than a fulfilling life? Author and editor Adrienne Maree Brown finds the answer in something she calls “pleasure activism""....",Adrienne Maree Brown,Adrienne Maree Brown,,,,,,3h 29m left,,,,,,,,,,,,,,,true,B08HR14RRV,,,,,https://audible.com/pd/B08HR14RRV?ipRedirectOverride=true&overrideBaseCountry=true,,https://www.audible.com/webplayer?asin=B08HR14RRV,https://m.media-amazon.com/images/I/41WeDjpNlTL._SL500_.jpg,https://www.goodreads.com/search?q=Adrienne%20Maree%20Brown%20-%20Pleasure%20Activism%3A%20The%20Politics%20of%20Feeling%20Good%20(Emergent%20Strategy),,,,true
Main,152,Men Explain Things to Me,Men Explain Things to Me,,,"In Men Explain Things to Me, Rebecca Solnit takes on the conversations between men who wrongly assume they know things and wrongly assume women don't....",Rebecca Solnit,Luci Christian Bell,"Funny, Nonfiction, Inspiring, Social Sciences, Witty, Gender Studies, Ideologies & Doctrines, Politics & Government, Social justice",Politics & Social Sciences > Politics & Government,Politics & Social Sciences,Politics & Government,2h 47m ,5m left,2014-08-27,Audible Studios,,4,2146,,Unabridged Audiobook,English,,true,true,,,,,B00N1ZDMO2,,,"<p>In <i>Men Explain Things to Me</i>, Rebecca Solnit takes on the conversations between men who wrongly assume they know things and wrongly assume women don't. The ultimate problem, she shows in her comic, scathing essay, is female self-doubt and the silencing of women. Writer, historian, and activist Rebecca Solnit is the author of 14 books about civil society, popular power, uprisings, art, environment, place, pleasure, politics, hope, and memory, most recently <i>The Faraway Nearby</i>, a book on empathy and storytelling. She is a <i>Harper's Magazine</i> contributing editor.</p>",,https://audible.com/pd/B00N1ZDMO2?ipRedirectOverride=true&overrideBaseCountry=true,,https://www.audible.com/webplayer?asin=B00N1ZDMO2,https://m.media-amazon.com/images/I/41KGm22iGML._SL500_.jpg,https://www.goodreads.com/search?q=Rebecca%20Solnit%20-%20Men%20Explain%20Things%20to%20Me,__AYCL,,,true
Main,151,Project Hail Mary,Project Hail Mary,,,"When the Sun is threatened by an alien microbe, the fate of humanity rests on the shoulders of an unlikely hero – and an even more unlikely friendship.",Andy Weir,Ray Porter,,,,,,4h 41m left,,,,,,,,,,,,,,,true,B08G9PRS1K,,,,,https://audible.com/pd/B08G9PRS1K?ipRedirectOverride=true&overrideBaseCountry=true,,https://www.audible.com/webplayer?asin=B08G9PRS1K,https://m.media-amazon.com/images/I/51POf8gOyLL._SL500_.jpg,https://www.goodreads.com/search?q=Andy%20Weir%20-%20Project%20Hail%20Mary,,,,true
Main,150,A Beautifully Foolish Endeavor: A Novel,A Beautifully Foolish Endeavor: A Novel,The Carls (book 2),2,"THE INSTANT NEW YORK TIMES BESTSELLER Who has the right to change the world forever? How will we live online? How do we find comfort in an increasingly isolated world? The Carls disappeared the same way they appeared, in an instant. While the robots were on Earth, they caused confusion...",Hank Green,"Kristen Sieh, Joe Hempel, Jesse Vilinsky, Nicole Lewis, Kevin R. Free, Hank Green, Robert Petkoff, Angelo Di Loreto, Oliver Wyman, Hillary Huber, P.J. Ochlan, Gabra Zackman",,,,,15h 46m,,,,,,,,,,,,,,,,true,059314631X,,,,,https://audible.com/pd/059314631X?ipRedirectOverride=true&overrideBaseCountry=true,,https://www.audible.com/webplayer?asin=059314631X,https://m.media-amazon.com/images/I/513GsOi48eL._SL500_.jpg,https://www.goodreads.com/search?q=Hank%20Green%20-%20A%20Beautifully%20Foolish%20Endeavor%3A%20A%20Novel,,,,true
Main,149,Octavia's Brood: Science Fiction Stories from Social Justice Movements,Octavia's Brood: Science Fiction Stories from Social Justice Movements,,,"Whenever we envision a world without war, without prisons, without capitalism, we are producing speculative fiction. Organizers and activists envision and try to create such worlds all the time....","Adrienne Maree Brown, Walidah Imarisha",Je Nie Fleming,,,,,,10h 9m left,,,,,,,,,,,,,,,true,B01DPSB50W,,,,,https://audible.com/pd/B01DPSB50W?ipRedirectOverride=true&overrideBaseCountry=true,,https://www.audible.com/webplayer?asin=B01DPSB50W,https://m.media-amazon.com/images/I/612D7pydN-L._SL500_.jpg,https://www.goodreads.com/search?q=Adrienne%20Maree%20Brown%20-%20Octavia's%20Brood%3A%20Science%20Fiction%20Stories%20from%20Social%20Justice%20Movements,,,,true
Main,148,The Anthropocene Reviewed: Essays on a Human-Centered Planet,The Anthropocene Reviewed: Essays on a Human-Centered Planet,,,"“Masterful. The Anthropocene Reviewed is a beautiful, timely book about the human condition—and a timeless reminder to pay attention to your attention.” —Adam Grant, #1 bestselling author of Think Again and host of the podcast Re:Thinking The instant #1 bestseller from John Green, author...",John Green,John Green,,,,,,5h 46m left,,,,,,,,,,,,,,,true,0593408535,,,,,https://audible.com/pd/0593408535?ipRedirectOverride=true&overrideBaseCountry=true,,https://www.audible.com/webplayer?asin=0593408535,https://m.media-amazon.com/images/I/51MU+MI1ztL._SL500_.jpg,https://www.goodreads.com/search?q=John%20Green%20-%20The%20Anthropocene%20Reviewed%3A%20Essays%20on%20a%20Human-Centered%20Planet,,,,true
Main,147,"The Human Instinct: How We Evolved to Have Reason, Consciousness, and Free Will","The Human Instinct: How We Evolved to Have Reason, Consciousness, and Free Will",,,"From one of America’s best-known biologists, a revolutionary new way of thinking about evolution that shows “why, in light of our origins, humans are still special” (Edward J. Larson, Pulitzer Prize–winning author of Evolution). Once we had a special place in the hierarchy of life on...",Kenneth R. Miller,Fred Sanders,,,,,,Finished,,,,,,,,,,,,,,,true,B07BR9QGMD,,,,,https://audible.com/pd/B07BR9QGMD?ipRedirectOverride=true&overrideBaseCountry=true,,https://www.audible.com/webplayer?asin=B07BR9QGMD,https://m.media-amazon.com/images/I/41YctEy0TCL._SL500_.jpg,https://www.goodreads.com/search?q=Kenneth%20R.%20Miller%20-%20The%20Human%20Instinct%3A%20How%20We%20Evolved%20to%20Have%20Reason%2C%20Consciousness%2C%20and%20Free%20Will,,,,true
Main,146,My Grandmother's Hands: Racialized Trauma and the Pathway to Mending Our Hearts and Bodies,My Grandmother's Hands: Racialized Trauma and the Pathway to Mending Our Hearts and Bodies,,,"A National Best Seller ""My Grandmother's Hands will change the direction of the movement for racial justice."" (Robin DiAngelo, New York Times best-selling author of White Fragility) In this groundbreaking book, therapist Resmaa Menakem examines the damage caused by racism in America from the...",Resmaa Menakem MSW LICSW SEP,Cary Hite,,,,,,5h 52m left,,,,,,,,,,,,,,,true,1662154305,,,,,https://audible.com/pd/1662154305?ipRedirectOverride=true&overrideBaseCountry=true,,https://www.audible.com/webplayer?asin=1662154305,https://m.media-amazon.com/images/I/51dO5GwxjkL._SL500_.jpg,https://www.goodreads.com/search?q=Resmaa%20Menakem%20MSW%20LICSW%20SEP%20-%20My%20Grandmother's%20Hands%3A%20Racialized%20Trauma%20and%20the%20Pathway%20to%20Mending%20Our%20Hearts%20and%20Bodies,,,,true
Main,145,Life's Edge: The Search for What It Means to Be Alive,Life's Edge: The Search for What It Means to Be Alive,,,"“Carl Zimmer is one of the best science writers we have today.” —Rebecca Skloot, author of The Immortal Life of Henrietta Lacks We all assume we know what life is, but the more scientists learn about the living world—from protocells to brains, from zygotes to pandemic viruses—the...",Carl Zimmer,Joe Ochman,,,,,,2h 46m left,,,,,,,,,,,,,,,true,0593343530,,,,,https://audible.com/pd/0593343530?ipRedirectOverride=true&overrideBaseCountry=true,,https://www.audible.com/webplayer?asin=0593343530,https://m.media-amazon.com/images/I/41eIYAQkn+L._SL500_.jpg,https://www.goodreads.com/search?q=Carl%20Zimmer%20-%20Life's%20Edge%3A%20The%20Search%20for%20What%20It%20Means%20to%20Be%20Alive,,,,true
Main,144,Aurora,Aurora,,,"A major new novel from one of science fiction's most powerful voices, Aurora tells the incredible story of our first voyage beyond the solar system. Brilliantly imagined and beautifully told, it is the work of a writer at the height of his powers. Our voyage from Earth began generations ago. Now...",Kim Stanley Robinson,Ali Ahn,,,,,,15h 44m left,,,5,,,,,,,,,,,,true,B00Y1R6RSM,,,,,https://audible.com/pd/B00Y1R6RSM?ipRedirectOverride=true&overrideBaseCountry=true,,https://www.audible.com/webplayer?asin=B00Y1R6RSM,https://m.media-amazon.com/images/I/416HDJsRbiL._SL500_.jpg,https://www.goodreads.com/search?q=Kim%20Stanley%20Robinson%20-%20Aurora,,,,true
Main,143,Cosmos: Possible Worlds,Cosmos: Possible Worlds,Cosmos (book 2),2,"This new and long-awaited sequel to Carl Sagan's international best seller continues the electrifying journey through space and time, linking worlds within and worlds billions of miles away and envisioning a future of science tempered with wisdom. Based on National Geographic's internationally...",Ann Druyan,"Ann Druyan, Jennice Ontiveros",,,,,,7h 25m left,,,,,,,,,,,,,,,true,1980021341,,,,,https://audible.com/pd/1980021341?ipRedirectOverride=true&overrideBaseCountry=true,,https://www.audible.com/webplayer?asin=1980021341,https://m.media-amazon.com/images/I/51oo+e+OfVL._SL500_.jpg,https://www.goodreads.com/search?q=Ann%20Druyan%20-%20Cosmos%3A%20Possible%20Worlds,,,,true
Main,142,You Belong to the Universe: Buckminster Fuller and the Future,You Belong to the Universe,,,"A compelling call to apply Buckminster Fuller's creative problem solving to present-day problems. A self-professed ""comprehensive anticipatory design scientist"", the inventor Buckminster Fuller (1895-1983) was undoubtedly a visionary. Fuller's creations often bordered on the realm of science...",Jonathon Keats,Josh Bloomberg,"Biographies & Memoirs, Inspiring, Architecture, Art & Literature, Artists, Architects & Photographers, Problem Solving",Arts & Entertainment > Architecture,Arts & Entertainment,Architecture,5h 20m ,,2016-07-25,"Blackstone Audio, Inc.",,4.2,351,,Unabridged Audiobook,English,,true,true,,,,,B01IW5MO6W,,,"<p>A compelling call to apply Buckminster Fuller's creative problem solving to present-day problems. </p> <p>A self-professed ""comprehensive anticipatory design scientist"", the inventor Buckminster Fuller (1895-1983) was undoubtedly a visionary. Fuller's creations often bordered on the realm of science fiction, ranging from the freestanding geodesic dome to the three-wheel Dymaxion car to a bathroom requiring neither plumbing nor sewage. Yet in spite of his brilliant mind and lifelong devotion to serving mankind, Fuller's expansive ideas were often dismissed, and have faded from public memory since his death. </p> <p><i>You Belong to the Universe</i> documents Fuller's six-decade quest to ""make the world work for 100 percent of humanity"". Critic and experimental philosopher Jonathon Keats sets out to revive Fuller's unconventional practice of comprehensive anticipatory design, placing Fuller's philosophy in a modern context and dispelling much of the mythology surrounding Fuller's life. Keats argues that Fuller's life and ideas, namely doing ""the most with the least"", are now more relevant than ever, as humanity struggles to meet the demands of an exploding world population with finite resources. Delving deeply into Buckminster Fuller's colorful world, Keats applies Fuller's most important concepts to present-day issues, arguing that his ideas are now not only feasible, but necessary. </p> <p>From transportation to climate change, urban design to education, <i>You Belong to the Universe</i> demonstrates that Fuller's holistic problem-solving techniques may be the only means of addressing some of the world's most pressing issues. Keats' timely book challenges each of us to become comprehensive anticipatory design scientists, providing the necessary tools for continuing Fuller's legacy of improving the world. </p>",,https://audible.com/pd/B01IW5MO6W?ipRedirectOverride=true&overrideBaseCountry=true,,https://www.audible.com/webplayer?asin=B01IW5MO6W,https://m.media-amazon.com/images/I/51ElEkBR82L._SL500_.jpg,https://www.goodreads.com/search?q=Jonathon%20Keats%20-%20You%20Belong%20to%20the%20Universe,__AYCL,Buckminster Fuller and the Future,,true
Main,141,The Fire Next Time,The Fire Next Time,,,"NATIONAL BESTSELLER The book that galvanized the nation, gave voice to the emerging civil rights movement in the 1960s—and still lights the way to understanding race in America today. “The finest essay I’ve ever read.” —Ta-Nehisi Coates At once a powerful evocation of James...",James Baldwin,Jesse L. Martin,,,,,2h 25m,,,,,,,,,,,,,,,true,true,B002V1J8OU,,,,,https://audible.com/pd/B002V1J8OU?ipRedirectOverride=true&overrideBaseCountry=true,,https://www.audible.com/webplayer?asin=B002V1J8OU,https://m.media-amazon.com/images/I/41oxo31HwsL._SL500_.jpg,https://www.goodreads.com/search?q=James%20Baldwin%20-%20The%20Fire%20Next%20Time,,,,true
Main,140,How to Be an Antiracist,How to Be an Antiracist,,,"#1 NEW YORK TIMES BESTSELLER From the National Book Award–winning author of Stamped from the Beginning comes a “groundbreaking” (Time) approach to understanding and uprooting racism and inequality in our society and in ourselves—now updated, with a new preface. “The most...",Ibram X. Kendi,Ibram X. Kendi,,,,,10h 29m,,,,,,,,,,,,,,,,true,1984832212,,,,,https://audible.com/pd/1984832212?ipRedirectOverride=true&overrideBaseCountry=true,,https://www.audible.com/webplayer?asin=1984832212,https://m.media-amazon.com/images/I/51d01KHKtSL._SL500_.jpg,https://www.goodreads.com/search?q=Ibram%20X.%20Kendi%20-%20How%20to%20Be%20an%20Antiracist,,,,true
Main,139,The Varieties of Scientific Experience: A Personal View of the Search for God,The Varieties of Scientific Experience: A Personal View of the Search for God,,,Carl Sagan's prophetic vision of the tragic resurgence of fundamentalism and the hope-filled potential of the next great development in human spirituality The late great astronomer and astrophysicist describes his personal search to understand the nature of the sacred in the vastness of the...,"Carl Sagan, Ann Druyan - editor","Adrienne C. Moore, Ann Druyan",,,,,,7h 15m left,,,,,,,,,,,,,,,true,B0716758C4,,,,,https://audible.com/pd/B0716758C4?ipRedirectOverride=true&overrideBaseCountry=true,,https://www.audible.com/webplayer?asin=B0716758C4,https://m.media-amazon.com/images/I/51tSWrcrAbL._SL500_.jpg,https://www.goodreads.com/search?q=Carl%20Sagan%20-%20The%20Varieties%20of%20Scientific%20Experience%3A%20A%20Personal%20View%20of%20the%20Search%20for%20God,,,,true
Main,138,Zikora: A Short Story,Zikora: A Short Story,,,"When Zikora, a DC lawyer from Nigeria, tells her equally high-powered lover that she’s pregnant, he abandons her. But it’s Zikora’s demanding, self-possessed mother, in town for the birth, who makes Zikora feel like a lonely little girl all over again....",Chimamanda Ngozi Adichie,Adepero Oduye,,,,,1h 15m,,,,,,,,,,,,,,,,true,1713570874,,,,,https://audible.com/pd/1713570874?ipRedirectOverride=true&overrideBaseCountry=true,,https://www.audible.com/webplayer?asin=1713570874,https://m.media-amazon.com/images/I/51M-MzYZAOL._SL500_.jpg,https://www.goodreads.com/search?q=Chimamanda%20Ngozi%20Adichie%20-%20Zikora%3A%20A%20Short%20Story,,,,true
Main,137,"Pacific Edge: The Three Californias Triptych, Book 3",Pacific Edge,The Three Californias Triptych (book 3),3,"North America, 2065. In a world that has rediscovered harmony with nature, the village of El Modena, California, is an ecotopia in the making. Kevin Claiborne, a young builder who has grown up in this ""green"" world, now finds himself caught up in the struggle to preserve his community's idyllic...",Kim Stanley Robinson,Stefan Rudnicki,"Alternate History, Fiction, Post-Apocalyptic, Science Fiction",Science Fiction & Fantasy > Science Fiction,Science Fiction & Fantasy,Science Fiction,11h 27m ,6m left,2015-01-08,"Blackstone Audio, Inc.",,4.2,320,,Unabridged Audiobook,English,available,true,true,,,,,B00RY6B1Z6,,,"<p>North America, 2065. In a world that has rediscovered harmony with nature, the village of El Modena, California, is an ecotopia in the making. Kevin Claiborne, a young builder who has grown up in this ""green"" world, now finds himself caught up in the struggle to preserve his community's idyllic way of life from the resurgent forces of greed and exploitation. </p> <p>The final volume in Kim Stanley Robinson's Three Californias triptych, <i>Pacific Edge </i>is a brilliant work of science fiction and an outstanding literary achievement.</p>",,https://audible.com/pd/B00RY6B1Z6?ipRedirectOverride=true&overrideBaseCountry=true,,https://www.audible.com/webplayer?asin=B00RY6B1Z6,https://m.media-amazon.com/images/I/51Fd-S9ZsIL._SL500_.jpg,https://www.goodreads.com/search?q=Kim%20Stanley%20Robinson%20-%20Pacific%20Edge,__AYCL,"The Three Californias Triptych, Book 3",,true
Main,136,The Ministry for the Future: A Novel,The Ministry for the Future: A Novel,,,"ONE OF BARACK OBAMA’S FAVORITE BOOKS OF THE YEAR An unsettling masterpiece of the imagination, using fictional eyewitness accounts to tell the story of how climate change will impact us all. “The best science-fiction nonfiction novel I’ve ever read.” —Jonathan Lethem, New York Times...",Kim Stanley Robinson,"Jennifer Fitzgerald, Fajer Al-Kaisi, Ramon de Ocampo, Gary Bennett, Raphael Corkhill, Barrie Kreinik, Natasha Soudek, Nikki Massoud, Joniece Abbott Pratt, Inés del Castillo, Vikas Adam",,,,,,20h 4m left,,,5,,,,,,,,,,,,true,1549186434,,,,,https://audible.com/pd/1549186434?ipRedirectOverride=true&overrideBaseCountry=true,,https://www.audible.com/webplayer?asin=1549186434,https://m.media-amazon.com/images/I/41SW9k-v0LL._SL500_.jpg,https://www.goodreads.com/search?q=Kim%20Stanley%20Robinson%20-%20The%20Ministry%20for%20the%20Future%3A%20A%20Novel,,,,true
Main,135,The War on Normal People: The Truth About America's Disappearing Jobs and Why Universal Basic Income Is Our Future,The War on Normal People: The Truth About America's Disappearing Jobs and Why Universal Basic Income Is Our Future,,,"***New York Times Bestseller*** From 2020 Democratic presidential candidate Andrew Yang, a captivating account of how ""a skinny Asian kid from upstate"" became a successful entrepreneur, only to find a new mission: calling attention to the urgent steps America must take, including Universal Basic...",Andrew Yang,Andrew Yang,,,,,,4m left,,,,,,,,,,,,,,,true,B07BSH2ZPM,,,,,https://audible.com/pd/B07BSH2ZPM?ipRedirectOverride=true&overrideBaseCountry=true,,https://www.audible.com/webplayer?asin=B07BSH2ZPM,https://m.media-amazon.com/images/I/51lPuwLSzhL._SL500_.jpg,https://www.goodreads.com/search?q=Andrew%20Yang%20-%20The%20War%20on%20Normal%20People%3A%20The%20Truth%20About%20America's%20Disappearing%20Jobs%20and%20Why%20Universal%20Basic%20Income%20Is%20Our%20Future,,,,true
Main,134,"The Quantum Series, Books 1 - 3","The Quantum Series, Books 1 - 3",Quantum (book 1-3),1-3,Forget everything you know about reality. The quantum world doesn't play by those rules. Daniel Rice is a government science investigator whose specialty is solving seemingly intractable problems through scientific inquiry. But Daniel's intellectual strength is sorely tested by the bizarre...,Douglas Phillips,"Graham Halstead, Kirby Heyborne, Traci Odom",,,,,,22h 40m left,,,,,,,,,,,,,,,true,1705209386,,,,,https://audible.com/pd/1705209386?ipRedirectOverride=true&overrideBaseCountry=true,,https://www.audible.com/webplayer?asin=1705209386,https://m.media-amazon.com/images/I/51xSJK5M4EL._SL500_.jpg,https://www.goodreads.com/search?q=Douglas%20Phillips%20-%20The%20Quantum%20Series%2C%20Books%201%20-%203,,,,true
Main,133,Going to Meet the Man,Going to Meet the Man,,,"""There's no way not to suffer. But you try all kinds of ways to keep from drowning in it."" The men and women in these eight short fictions grasp this truth on an elemental level, and their stories, as told by James Baldwin, detail the ingenious and often desperate ways in which they try to...",James Baldwin,Dion Graham,,,,,,7h 30m left,,,,,,,,,,true,true,,,true,true,B004MNHHMA,,,,,https://audible.com/pd/B004MNHHMA?ipRedirectOverride=true&overrideBaseCountry=true,,https://www.audible.com/webplayer?asin=B004MNHHMA,https://m.media-amazon.com/images/I/518hlQUOO8L._SL500_.jpg,https://www.goodreads.com/search?q=James%20Baldwin%20-%20Going%20to%20Meet%20the%20Man,__AYCL,,,true
Main,132,Propaganda and the Public Mind,Propaganda and the Public Mind,,,Renowned interviewer David Barsamian showcases his unique access to Chomsky’s thinking on a number of topics of contemporary and historical import....,"Noam Chomsky, David Barsamian",Brian Jones,"Liberalism, Soviet Union, Iran, Politics & Government, Thought-Provoking, Military, Russia, Imperialism, Refugee, International Relations, Latin America, Taxation, War, Socialism, Linguistics, Globalization, Social Sciences, Censorship, Freedom & Security, Ideologies & Doctrines, Capitalism, Africa",Politics & Social Sciences > Politics & Government,Politics & Social Sciences,Politics & Government,8h 9m ,,2015-07-28,Audible Studios,,4.6,428,,Unabridged Audiobook,English,available,true,true,,,,,B010N09DC2,,,"<p>Renowned interviewer David Barsamian showcases his unique access to Chomsky's thinking on a number of topics of contemporary and historical import. Chomsky offers insights into the institutions that shape the public mind in the service of power and profit. </p><p>In an interview conducted after the important November 1999 ""Battle in Seattle"", Chomsky discusses prospects for building a movement to challenge corporate domination of the media, the environment, and even our private lives. Whether discussing US military escalation in Colombia, attacks on Social Security, or growing inequality worldwide, Chomsky shows how ordinary people, if they work together, have the power to make meaningful change. </p>",,https://audible.com/pd/B010N09DC2?ipRedirectOverride=true&overrideBaseCountry=true,,https://www.audible.com/webplayer?asin=B010N09DC2,https://m.media-amazon.com/images/I/51GLecYYOpL._SL500_.jpg,https://www.goodreads.com/search?q=Noam%20Chomsky%20-%20Propaganda%20and%20the%20Public%20Mind,__AYCL,,,true
Main,131,Caffeine: How Caffeine Created the Modern World,Caffeine: How Caffeine Created the Modern World,,,"Michael Pollan, known for his best-selling nonfiction audio, including The Omnivores Dilemma and How to Change Your Mind, conceived and wrote Caffeine: How Caffeine Created the Modern World as an Audible Original....",Michael Pollan,Michael Pollan,,,,,2h 2m,,,,,,,,,,,true,,,,,true,B083MVZ91Y,,,,,https://audible.com/pd/B083MVZ91Y?ipRedirectOverride=true&overrideBaseCountry=true,,https://www.audible.com/webplayer?asin=B083MVZ91Y,https://m.media-amazon.com/images/I/41QNn+uS3mL._SL500_.jpg,https://www.goodreads.com/search?q=Michael%20Pollan%20-%20Caffeine%3A%20How%20Caffeine%20Created%20the%20Modern%20World,__AYCL,,,true
Main,130,The Smallest Lights in the Universe: A Memoir,The Smallest Lights in the Universe: A Memoir,,,"LOS ANGELES TIMES BOOK PRIZE WINNER An MIT astrophysicist reinvents herself in the wake of tragedy and discovers the power of connection on this planet, even as she searches our galaxy for another Earth, in this “bewitching” (Anthony Doerr, The New York Times Book Review) memoir...",Sara Seager,Xe Sands,,,,,,9h 25m left,,,5,,,,,,,,,,,,true,0593148037,,,,,https://audible.com/pd/0593148037?ipRedirectOverride=true&overrideBaseCountry=true,,https://www.audible.com/webplayer?asin=0593148037,https://m.media-amazon.com/images/I/41wPBo9tGVL._SL500_.jpg,https://www.goodreads.com/search?q=Sara%20Seager%20-%20The%20Smallest%20Lights%20in%20the%20Universe%3A%20A%20Memoir,,,,true
Main,129,Quarantine,Quarantine,,,"In 2034, the stars went out. An unknown agency surrounded the solar system with an impenetrable barrier, concealing the universe from humanity’s gaze....",Greg Egan,Adam Epstein,,,,,,3h 24m left,,,,,,,,,,,,,,,true,B00GCRQ27U,,,,,https://audible.com/pd/B00GCRQ27U?ipRedirectOverride=true&overrideBaseCountry=true,,https://www.audible.com/webplayer?asin=B00GCRQ27U,https://m.media-amazon.com/images/I/61Q6uLGGlpL._SL500_.jpg,https://www.goodreads.com/search?q=Greg%20Egan%20-%20Quarantine,,,,true
Main,128,Antifa: The Anti-Fascist Handbook,Antifa,,,"In the wake of tragic events in Charlottesville, Virginia, and Donald Trump's initial refusal to denounce the white nationalists behind it all, the ""antifa"" opposition movement is suddenly appearing everywhere. But what is it, precisely? And where did it come from? As long as there has been...",Mark Bray,Keith Szarabajka,"World, Politics & Government, Western Europe, Political Science, Socialism, Western, History & Theory, Interwar Period, Europe, Social justice, Liberalism",History > Europe,History,Europe,7h 37m ,Finished,2017-11-28,"Blackstone Audio, Inc.",,4.1,686,,Unabridged Audiobook,English,available,true,true,,,,,B076B71PGL,,,"<p>In the wake of tragic events in Charlottesville, Virginia, and Donald Trump's initial refusal to denounce the white nationalists behind it all, the ""antifa"" opposition movement is suddenly appearing everywhere. But what is it, precisely? And where did it come from? </p> <p>As long as there has been fascism, there has been anti-fascism - also known as ""antifa."" Born out of resistance to Mussolini and Hitler in Europe during the 1920s and '30s, the antifa movement has suddenly burst into the headlines amid opposition to the Trump administration and the alt-right. They could be seen in news reports, often clad all in black with balaclavas covering their faces, demonstrating at the presidential inauguration, and on California college campuses protesting far-right speakers, and most recently, on the streets of Charlottesville, Virginia, protecting, among others, a group of ministers including Cornel West from neo-Nazi violence. (West would later tell reporters, ""The anti-fascists saved our lives."") </p> <p>Simply, antifa aims to deny fascists the opportunity to promote their oppressive politics, and to protect tolerant communities from acts of violence promulgated by fascists. Critics say shutting down political adversaries is anti-democratic; antifa adherents argue that the horrors of fascism must never be allowed the slightest chance to triumph again. </p> <p>In a smart and gripping investigation, historian and former Occupy Wall Street organizer Mark Bray provides a detailed survey of the full history of anti-fascism from its origins to the present day - the first transnational history of postwar anti-fascism in English. Based on interviews with anti-fascists from around the world, <i>Antifa</i> details the tactics of the movement and the philosophy behind it, offering insight into the growing but little-understood resistance fighting back against fascism in all its guises. </p>",,https://audible.com/pd/B076B71PGL?ipRedirectOverride=true&overrideBaseCountry=true,,https://www.audible.com/webplayer?asin=B076B71PGL,https://m.media-amazon.com/images/I/51Xl2gOZs0L._SL500_.jpg,https://www.goodreads.com/search?q=Mark%20Bray%20-%20Antifa,__AYCL,The Anti-Fascist Handbook,,true
Main,127,Parable of the Sower,Parable of the Sower,Earthseed (book 1),1,"Hugo and Nebula Award-winning author Octavia E. Butler paints a stunning portrait of an all-too-believable near future. As with Kindred and her other critically-acclaimed novels, Parable of the Sower skillfully combines startling visionary and socially realistic concepts. God is change. That is...",Octavia E. Butler,Lynne Thigpen,,,,,,9h 36m left,,,,,,,,,,,,,,,true,B002V0PQ4C,,,,,https://audible.com/pd/B002V0PQ4C?ipRedirectOverride=true&overrideBaseCountry=true,,https://www.audible.com/webplayer?asin=B002V0PQ4C,https://m.media-amazon.com/images/I/51uDnVG1qdL._SL500_.jpg,https://www.goodreads.com/search?q=Octavia%20E.%20Butler%20-%20Parable%20of%20the%20Sower,,,,true
Main,126,The Precipice: Existential Risk and the Future of Humanity,The Precipice: Existential Risk and the Future of Humanity,,,"This urgent and eye-opening book makes the case that protecting humanity's future is the central challenge of our time. If all goes well, human history is just beginning. Our species could survive for billions of years - enough time to end disease, poverty, and injustice, and to flourish in ways...",Toby Ord,Toby Ord,,,,,,Finished,,,5,,,,,,,,,,,,true,1980073953,,,,,https://audible.com/pd/1980073953?ipRedirectOverride=true&overrideBaseCountry=true,,https://www.audible.com/webplayer?asin=1980073953,https://m.media-amazon.com/images/I/41DHXOG8JCL._SL500_.jpg,https://www.goodreads.com/search?q=Toby%20Ord%20-%20The%20Precipice%3A%20Existential%20Risk%20and%20the%20Future%20of%20Humanity,,,,true
Main,125,Contact,Contact,,,The Pulitzer Prize–winning author of Cosmos and renowned astronomer Carl Sagan’s international bestseller about the discovery of an advanced civilization in the depths of space remains the “greatest adventure of all time” (Associated Press). The future is here…in an adventure of cosmic...,Carl Sagan,Laurel Lefkow,,,,,14h 45m,,,,5,,,,,,,,,,,,true,B007NLZ9SM,,,,,https://audible.com/pd/B007NLZ9SM?ipRedirectOverride=true&overrideBaseCountry=true,,https://www.audible.com/webplayer?asin=B007NLZ9SM,https://m.media-amazon.com/images/I/51RwDIgQUML._SL500_.jpg,https://www.goodreads.com/search?q=Carl%20Sagan%20-%20Contact,,,,true
Main,124,Dreams of Other Worlds: The Amazing Story of Unmanned Space Exploration,Dreams of Other Worlds: The Amazing Story of Unmanned Space Exploration,,,Dreams of Other Worlds describes the unmanned space missions that have opened new windows on distant worlds.....,"Chris Impey, Holly Henry",Matthew Josdal,,,,,,11h 56m left,,,,,,,,,,,,,,,true,B00ISXD562,,,,,https://audible.com/pd/B00ISXD562?ipRedirectOverride=true&overrideBaseCountry=true,,https://www.audible.com/webplayer?asin=B00ISXD562,https://m.media-amazon.com/images/I/51TCJIvk7hL._SL500_.jpg,https://www.goodreads.com/search?q=Chris%20Impey%20-%20Dreams%20of%20Other%20Worlds%3A%20The%20Amazing%20Story%20of%20Unmanned%20Space%20Exploration,,,,true
Main,123,"Me and White Supremacy: Combat Racism, Change the World, and Become a Good Ancestor","Me and White Supremacy: Combat Racism, Change the World, and Become a Good Ancestor",,,"Based off the original workbook, Me and White Supremacy teaches listeners how to dismantle the privilege within themselves so that they can stop (often unconsciously) inflicting damage on people of color, and in turn, help other white people do better, too....",Layla F. Saad,Layla F. Saad,,,,,,Finished,,,,,,,,,,,,,,,true,1094135461,,,,,https://audible.com/pd/1094135461?ipRedirectOverride=true&overrideBaseCountry=true,,https://www.audible.com/webplayer?asin=1094135461,https://m.media-amazon.com/images/I/51qKj6x-9BL._SL500_.jpg,https://www.goodreads.com/search?q=Layla%20F.%20Saad%20-%20Me%20and%20White%20Supremacy%3A%20Combat%20Racism%2C%20Change%20the%20World%2C%20and%20Become%20a%20Good%20Ancestor,,,,true
Main,122,Born a Crime: Stories from a South African Childhood,Born a Crime: Stories from a South African Childhood,,,Comedian Trevor Noah offers listeners a glimpse into his childhood during apartheid in South Africa in this award-winning memoir.,Trevor Noah,Trevor Noah,,,,,,Finished,,,,,,,,,,,,,,true,true,B01IW9TQPK,,,,,https://audible.com/pd/B01IW9TQPK?ipRedirectOverride=true&overrideBaseCountry=true,,https://www.audible.com/webplayer?asin=B01IW9TQPK,https://m.media-amazon.com/images/I/51Mc--F6zGL._SL500_.jpg,https://www.goodreads.com/search?q=Trevor%20Noah%20-%20Born%20a%20Crime%3A%20Stories%20from%20a%20South%20African%20Childhood,,,,true
Main,121,Energy and Civilization: A History,Energy and Civilization: A History,,,Energy is the only universal currency; it is necessary for getting anything done. The conversion of energy on Earth ranges from terra-forming forces of plate tectonics to cumulative erosive effects of raindrops. Life on Earth depends on the photosynthetic conversion of solar energy into plant...,Vaclav Smil,David Colacci,,,,,,13h 17m left,,,,,,,,,,,,,,,true,B07CLK27JZ,,,,,https://audible.com/pd/B07CLK27JZ?ipRedirectOverride=true&overrideBaseCountry=true,,https://www.audible.com/webplayer?asin=B07CLK27JZ,https://m.media-amazon.com/images/I/61uWZselivL._SL500_.jpg,https://www.goodreads.com/search?q=Vaclav%20Smil%20-%20Energy%20and%20Civilization%3A%20A%20History,,,,true
Main,120,White Fragility: Why It's So Hard for White People to Talk About Racism,White Fragility: Why It's So Hard for White People to Talk About Racism,,,"The New York Times best-selling book exploring the counterproductive reactions white people have when their assumptions about race are challenged, and how these reactions maintain racial inequality. In this “vital, necessary, and beautiful book” (Michael Eric Dyson), antiracist educator...","Robin DiAngelo, Michael Eric Dyson - introduction",Amy Landon,,,,,,Finished,,,,,,,,,,,,,,,true,B07D6XN8RJ,,,,,https://audible.com/pd/B07D6XN8RJ?ipRedirectOverride=true&overrideBaseCountry=true,,https://www.audible.com/webplayer?asin=B07D6XN8RJ,https://m.media-amazon.com/images/I/51cbulOJkgL._SL500_.jpg,https://www.goodreads.com/search?q=Robin%20DiAngelo%20-%20White%20Fragility%3A%20Why%20It's%20So%20Hard%20for%20White%20People%20to%20Talk%20About%20Racism,,,,true
Main,119,Blue Mars,Blue Mars,Mars Trilogy (book 3),3,"Acclaimed visionary author Kim Stanley Robinson is a Hugo and Nebula Award-winner. Blue Mars is the final volume in Robinson's seminal science-fiction trilogy, which began with Red Mars and continues with Green Mars. The once red and barren terrain of Mars is now green and rich with life - plant...",Kim Stanley Robinson,Richard Ferrone,,,,,,19h 28m left,,,,,,,,,,,,,,,true,B002V8DFL0,,,,,https://audible.com/pd/B002V8DFL0?ipRedirectOverride=true&overrideBaseCountry=true,,https://www.audible.com/webplayer?asin=B002V8DFL0,https://m.media-amazon.com/images/I/51Wr9liRZdL._SL500_.jpg,https://www.goodreads.com/search?q=Kim%20Stanley%20Robinson%20-%20Blue%20Mars,,,,true
Main,118,New York 2140,New York 2140,,,"New York Times bestselling author Kim Stanley Robinson returns with a bold and brilliant vision of New York City in the next century. As the sea levels rose, every street became a canal. Every skyscraper an island. For the residents of one apartment building in Madison Square, however, New York...",Kim Stanley Robinson,"Suzanne Toren, Robin Miles, Peter Ganim, Jay Snyder, Caitlin Kelly, Michael Crouch, Ryan Vincent Anderson, Christopher Ryan Grant, Robert Blumenfeld",,,,,,Finished,,,,,,,,,,,,,,,true,B01NAM6ESU,,,,,https://audible.com/pd/B01NAM6ESU?ipRedirectOverride=true&overrideBaseCountry=true,,https://www.audible.com/webplayer?asin=B01NAM6ESU,https://m.media-amazon.com/images/I/51rnWxGhvSL._SL500_.jpg,https://www.goodreads.com/search?q=Kim%20Stanley%20Robinson%20-%20New%20York%202140,,,,true
Main,117,Green Mars,Green Mars,Mars Trilogy (book 2),2,"In Red Mars, Kim Stanley Robinson imagined a near future in which humankind established the first colonies on Mars and began to make the planet inhabitable for humans. In this stunning sequel to that Nebula Award-winning novel, Robinson takes the colonization of Mars to a new generation, with a...",Kim Stanley Robinson,Richard Ferrone,,,,,,Finished,,,5,,,,,,,,,,,,true,B002V5IUXQ,,,,,https://audible.com/pd/B002V5IUXQ?ipRedirectOverride=true&overrideBaseCountry=true,,https://www.audible.com/webplayer?asin=B002V5IUXQ,https://m.media-amazon.com/images/I/61V33tVX6RL._SL500_.jpg,https://www.goodreads.com/search?q=Kim%20Stanley%20Robinson%20-%20Green%20Mars,,,,true
Main,116,Kim Stanley Robinson: Audible Sessions: FREE Exclusive Interview,Kim Stanley Robinson: Audible Sessions: FREE Exclusive Interview,,,"Kim Stanley Robinson joins Nick Glynn in the Audible Studios to talk about his new novel, New York 2140....",Nick Glynn,Kim Stanley Robinson,,,,,,Finished,,,,,,,,,,,,,,,true,B071LPTGXM,,,,,https://audible.com/pd/B071LPTGXM?ipRedirectOverride=true&overrideBaseCountry=true,,https://www.audible.com/webplayer?asin=B071LPTGXM,https://m.media-amazon.com/images/I/51YzHL0v7qL._SL500_.jpg,https://www.goodreads.com/search?q=Nick%20Glynn%20-%20Kim%20Stanley%20Robinson%3A%20Audible%20Sessions%3A%20FREE%20Exclusive%20Interview,,,,true
Main,115,Life 3.0: Being Human in the Age of Artificial Intelligence,Life 3.0: Being Human in the Age of Artificial Intelligence,,,"New York Times Best Seller How will Artificial Intelligence affect crime, war, justice, jobs, society and our very sense of being human? The rise of AI has the potential to transform our future more than any other technology—and there’s nobody better qualified or situated to explore that...",Max Tegmark,Rob Shapiro,,,,,,11h 35m left,,,5,,,,,,,,,,,,true,B0742K1G4Q,,,,,https://audible.com/pd/B0742K1G4Q?ipRedirectOverride=true&overrideBaseCountry=true,,https://www.audible.com/webplayer?asin=B0742K1G4Q,https://m.media-amazon.com/images/I/41LErrZpDHL._SL500_.jpg,https://www.goodreads.com/search?q=Max%20Tegmark%20-%20Life%203.0%3A%20Being%20Human%20in%20the%20Age%20of%20Artificial%20Intelligence,,,,true
Main,114,The Rise and Fall of the Dinosaurs: A New History of a Lost World,The Rise and Fall of the Dinosaurs: A New History of a Lost World,,,"A sweeping and revelatory new history of the age of dinosaurs, from one of our finest young scientists. """"THE ULTIMATE DINOSAUR BIOGRAPHY."""" — Scientific American The dinosaurs. Sixty-six million years ago, the Earth’s most fearsome creatures vanished. Today they remain one of our planet’s...",Steve Brusatte,Patrick Lawlor,,,,,,Finished,,,,,,,,,,,,,,,true,B079SLCQGF,,,,,https://audible.com/pd/B079SLCQGF?ipRedirectOverride=true&overrideBaseCountry=true,,https://www.audible.com/webplayer?asin=B079SLCQGF,https://m.media-amazon.com/images/I/51Vcus55ZhL._SL500_.jpg,https://www.goodreads.com/search?q=Steve%20Brusatte%20-%20The%20Rise%20and%20Fall%20of%20the%20Dinosaurs%3A%20A%20New%20History%20of%20a%20Lost%20World,,,,true
Main,113,The Audacity of Hope: Thoughts on Reclaiming the American Dream,The Audacity of Hope: Thoughts on Reclaiming the American Dream,,,"In July 2004, Barack Obama electrified the Democratic National Convention with an address that spoke to Americans across the political spectrum. Now, in The Audacity of Hope, Senator Obama calls for a different brand of politics–a politics for those weary of bitter partisanship and alienated...",Barack Obama,Barack Obama,,,,,,Finished,,,,,,,,,,,,,,,true,B002UZYUNQ,,,,,https://audible.com/pd/B002UZYUNQ?ipRedirectOverride=true&overrideBaseCountry=true,,https://www.audible.com/webplayer?asin=B002UZYUNQ,https://m.media-amazon.com/images/I/41SsyUvRG6L._SL500_.jpg,https://www.goodreads.com/search?q=Barack%20Obama%20-%20The%20Audacity%20of%20Hope%3A%20Thoughts%20on%20Reclaiming%20the%20American%20Dream,,,,true
Main,112,Priced Out: The Economic and Ethical Costs of American Health Care,Priced Out: The Economic and Ethical Costs of American Health Care,,,"From a giant of health care policy, an engaging and enlightening account of why American health care is so expensive - and why it doesn't have to be. Uwe Reinhardt was a towering figure and moral conscience of health care policy in the United States and beyond. Famously bipartisan, he...","Uwe E. Reinhardt, Paul Krugman - Foreword, William H. Frist - Foreword",Bob Souer,,,,,,Finished,,,,,,,,,,,,,,,true,1400121205,,,,,https://audible.com/pd/1400121205?ipRedirectOverride=true&overrideBaseCountry=true,,https://www.audible.com/webplayer?asin=1400121205,https://m.media-amazon.com/images/I/51ybJVSf41L._SL500_.jpg,https://www.goodreads.com/search?q=Uwe%20E.%20Reinhardt%20-%20Priced%20Out%3A%20The%20Economic%20and%20Ethical%20Costs%20of%20American%20Health%20Care,,,,true
Main,111,Dreams from My Father: A Story of Race and Inheritance,Dreams from My Father: A Story of Race and Inheritance,,,"In this lyrical, unsentimental, and compelling memoir, the son of a black African father and a white American mother searches for a workable meaning to his life as a black American. It begins in New York, where Barack Obama learns that his father—a figure he knows more as a myth than as a...",Barack Obama,Barack Obama,,,,,,Finished,,,,,,,,,,,,,,true,true,B002V01H1S,,,,,https://audible.com/pd/B002V01H1S?ipRedirectOverride=true&overrideBaseCountry=true,,https://www.audible.com/webplayer?asin=B002V01H1S,https://m.media-amazon.com/images/I/51TUMLc-UVL._SL500_.jpg,https://www.goodreads.com/search?q=Barack%20Obama%20-%20Dreams%20from%20My%20Father%3A%20A%20Story%20of%20Race%20and%20Inheritance,,,,true
Main,110,The Moment of Lift: How Empowering Women Changes the World,The Moment of Lift: How Empowering Women Changes the World,,,"**One of AudioFile Magazine's Best Audiobooks of 2019** NEW YORK TIMES BESTSELLER Now with a new afterword! How can we summon a moment of lift for human beings—and especially for women? Because when you lift up women, you lift up humanity. For the last twenty years, Melinda Gates has been on a...",Melinda French Gates,Melinda French Gates,,,,,,14m left,,,,,,,,,,,,,,,true,1250317045,,,,,https://audible.com/pd/1250317045?ipRedirectOverride=true&overrideBaseCountry=true,,https://www.audible.com/webplayer?asin=1250317045,https://m.media-amazon.com/images/I/41dcsmMsynL._SL500_.jpg,https://www.goodreads.com/search?q=Melinda%20French%20Gates%20-%20The%20Moment%20of%20Lift%3A%20How%20Empowering%20Women%20Changes%20the%20World,,,,true
Main,109,Becoming,Becoming,,,"An intimate, powerful, and inspiring memoir by the former First Lady of the United States #1 NEW YORK TIMES BESTSELLER WATCH THE EMMY-NOMINATED NETFLIX ORIGINAL DOCUMENTARY OPRAH’S BOOK CLUB PICK NAACP IMAGE AWARD WINNER ONE OF ESSENCE’S 50 MOST IMPACTFUL BLACK BOOKS...",Michelle Obama,Michelle Obama,,,,,,Finished,,,,,,,,,,,,,,,true,B07B3BCZ9S,,,,,https://audible.com/pd/B07B3BCZ9S?ipRedirectOverride=true&overrideBaseCountry=true,,https://www.audible.com/webplayer?asin=B07B3BCZ9S,https://m.media-amazon.com/images/I/51QMk4Lt1kL._SL500_.jpg,https://www.goodreads.com/search?q=Michelle%20Obama%20-%20Becoming,,,,true
Main,108,The Selfish Gene,The Selfish Gene,,,Dawkins' brilliant reformulation of the theory of natural selection has the distinction of having provoked as much excitement and interest outside the scientific community as within it....,Richard Dawkins,"Richard Dawkins, Lalla Ward",,,,,,16h 2m left,,,,,,,,,,,,,,,true,B004QDTA9Y,,,,,https://audible.com/pd/B004QDTA9Y?ipRedirectOverride=true&overrideBaseCountry=true,,https://www.audible.com/webplayer?asin=B004QDTA9Y,https://m.media-amazon.com/images/I/51iqpxo43PL._SL500_.jpg,https://www.goodreads.com/search?q=Richard%20Dawkins%20-%20The%20Selfish%20Gene,,,,true
Main,107,From #BlackLivesMatter to Black Liberation,From #BlackLivesMatter to Black Liberation,,,"The eruption of mass protests in the wake of the police murders of Michael Brown in Ferguson, Missouri, and Eric Garner in New York City have challenged the impunity with which officers of the law carry out violence against Black people and punctured the illusion of a postracial America. The...",Keeanga-Yamahtta Taylor,Mia Ellis,,,,,,7h 31m left,,,,,,,,,,,,,,,true,B01FREHDFS,,,,,https://audible.com/pd/B01FREHDFS?ipRedirectOverride=true&overrideBaseCountry=true,,https://www.audible.com/webplayer?asin=B01FREHDFS,https://m.media-amazon.com/images/I/41X4CMsY79L._SL500_.jpg,https://www.goodreads.com/search?q=Keeanga-Yamahtta%20Taylor%20-%20From%20%23BlackLivesMatter%20to%20Black%20Liberation,,,,true
Main,106,Neuroscience - Medical School Crash Course,Neuroscience - Medical School Crash Course,,,"Written by experts and authorities in the field and professionally narrated for easy listening, this crash course is a valuable tool both during school and when preparing for the USMLE, or if you're simply interested in neuroscience....",AudioLearn Medical Content Team,Bhama Roget,,,,,,7h 13m left,,,,,,,,,,,,,,,true,B079TL1KVR,,,,,https://audible.com/pd/B079TL1KVR?ipRedirectOverride=true&overrideBaseCountry=true,,https://www.audible.com/webplayer?asin=B079TL1KVR,https://m.media-amazon.com/images/I/51I3--B-FTL._SL500_.jpg,https://www.goodreads.com/search?q=AudioLearn%20Medical%20Content%20Team%20-%20Neuroscience%20-%20Medical%20School%20Crash%20Course,,,,true
Main,105,Leaves of Grass: The Original 1855 Edition,Leaves of Grass: The Original 1855 Edition,,,"When Walt Whitman self-published ""Leaves of Grass"" in 1855, he rocked the literary world and forever changed the course of poetry....","Walt Whitman, American Renaissance Books",Sam Torode,,,,,,2h 45m left,,,,,,,,,,,,,,,true,B0727YTYJ1,,,,,https://audible.com/pd/B0727YTYJ1?ipRedirectOverride=true&overrideBaseCountry=true,,https://www.audible.com/webplayer?asin=B0727YTYJ1,https://m.media-amazon.com/images/I/51swQWFO-QL._SL500_.jpg,https://www.goodreads.com/search?q=Walt%20Whitman%20-%20Leaves%20of%20Grass%3A%20The%20Original%201855%20Edition,,,,true
Main,104,36 Arguments for the Existence of God,36 Arguments for the Existence of God,,,"After Cass Seltzers book becomes a surprise best seller, hes dubbed the atheist with a soul and becomes a celebrity....",Rebecca Newberger Goldstein,"Steven Pinker, Rebecca Newberger Goldstein, Oliver Wyman",,,,,,13h 50m left,,,,,,,,,,,,,,,true,B003T1QVN2,,,,,https://audible.com/pd/B003T1QVN2?ipRedirectOverride=true&overrideBaseCountry=true,,https://www.audible.com/webplayer?asin=B003T1QVN2,https://m.media-amazon.com/images/I/51-FWS4wAKL._SL500_.jpg,https://www.goodreads.com/search?q=Rebecca%20Newberger%20Goldstein%20-%2036%20Arguments%20for%20the%20Existence%20of%20God,,,,true
Main,103,Zendegi,Zendegi,,,"An Arab/Muslim focused MMORG gaming companies cutting edge AI software might hold the key achieving ""uploaded consciousness.""....",Greg Egan,Parisa Johnston,,,,,,11h 49m left,,,,,,,,,,,,,,,true,B00FAZIAEI,,,,,https://audible.com/pd/B00FAZIAEI?ipRedirectOverride=true&overrideBaseCountry=true,,https://www.audible.com/webplayer?asin=B00FAZIAEI,https://m.media-amazon.com/images/I/51Zv5alMusL._SL500_.jpg,https://www.goodreads.com/search?q=Greg%20Egan%20-%20Zendegi,,,,true
Main,102,"Nexus: Nexus, Book 1","Nexus: Nexus, Book 1",Nexus (Naam) (book 1),1,"""Nexus is the most brilliant hard SF thriller I’ve read in years. It’s smart, it’s gripping, and it describes a chilling reality that is all-too-plausible. Ramez Naam is a name to watch for."" (Brenda Cooper, author of The Silver Ship and the Sea and The Creative Fire Mankind Gets an...",Ramez Naam,Luke Daniels,,,,,,Finished,,,,,,,,,,,,,,,true,B00E4PK0RU,,,,,https://audible.com/pd/B00E4PK0RU?ipRedirectOverride=true&overrideBaseCountry=true,,https://www.audible.com/webplayer?asin=B00E4PK0RU,https://m.media-amazon.com/images/I/513Et-gUGwL._SL500_.jpg,https://www.goodreads.com/search?q=Ramez%20Naam%20-%20Nexus%3A%20Nexus%2C%20Book%201,,,,true
Main,101,2061: Odyssey Three,2061: Odyssey Three,Space Odyssey Series (book 3),3,Arthur C. Clarke’s 2061: Odyssey Three is truly a masterful elaboration on one man’s epic vision of the universe. Only rarely does a novelist weave a tapestry so compelling that it captures the imagination of the entire world. But that is precisely what Arthur C. Clarke accomplished with...,Arthur C. Clarke,Scott Brick,,,,,,4h 20m left,,,,,,,,,,,,,,,true,B00822CMIQ,,,,,https://audible.com/pd/B00822CMIQ?ipRedirectOverride=true&overrideBaseCountry=true,,https://www.audible.com/webplayer?asin=B00822CMIQ,https://m.media-amazon.com/images/I/61P3wTCH-3L._SL500_.jpg,https://www.goodreads.com/search?q=Arthur%20C.%20Clarke%20-%202061%3A%20Odyssey%20Three,,,,true
Main,100,Radical Abundance: How a Revolution in Nanotechnology Will Change Civilization,Radical Abundance: How a Revolution in Nanotechnology Will Change Civilization,,,"K. Eric Drexler is the founding father of nanotechnology - the science of engineering on a molecular level. In Radical Abundance, he shows how rapid scientific progress is about to change our world. Thanks to atomically precise manufacturing, we will soon have the power to produce radically more...",K. Eric Drexler,Tim Pabon,,,,,,8h 26m left,,,,,,,,,,,,,,,true,B00C3145EG,,,,,https://audible.com/pd/B00C3145EG?ipRedirectOverride=true&overrideBaseCountry=true,,https://www.audible.com/webplayer?asin=B00C3145EG,https://m.media-amazon.com/images/I/51OM4MZ0khL._SL500_.jpg,https://www.goodreads.com/search?q=K.%20Eric%20Drexler%20-%20Radical%20Abundance%3A%20How%20a%20Revolution%20in%20Nanotechnology%20Will%20Change%20Civilization,,,,true
Main,99,Scientific American,Scientific American,,,"Published since 1845, Scientific American is the most well-known and most highly-respected science and technology monthly in the world....",Scientific American,Jef Holbrook,,,,,,,,,,,,,,,,,,,,true,true,B00R1WAO1K,,,,,https://audible.com/pd/B00R1WAO1K?ipRedirectOverride=true&overrideBaseCountry=true,,https://www.audible.com/webplayer?asin=B00R1WAO1K,https://m.media-amazon.com/images/I/41PA7saESzL._SL500_.jpg,https://www.goodreads.com/search?q=Scientific%20American%20-%20Scientific%20American,,,,true
Main,98,Cosmos: A Personal Voyage,Cosmos: A Personal Voyage,Cosmos (book 1),1,"RETURNING TO TELEVISION AS AN ALL-NEW MINISERIES ON FOX Cosmos is one of the bestselling science books of all time. In clear-eyed prose, Sagan reveals a jewel-like blue world inhabited by a life form that is just beginning to discover its own identity and to venture into the vast ocean of space...",Carl Sagan,"LeVar Burton, Seth MacFarlane, Neil deGrasse Tyson, Ann Druyan",,,,,,Finished,,,5,,,,,,,,,,,,true,B06XV1PVF5,,,,,https://audible.com/pd/B06XV1PVF5?ipRedirectOverride=true&overrideBaseCountry=true,,https://www.audible.com/webplayer?asin=B06XV1PVF5,https://m.media-amazon.com/images/I/51e91glnHUL._SL500_.jpg,https://www.goodreads.com/search?q=Carl%20Sagan%20-%20Cosmos%3A%20A%20Personal%20Voyage,,,,true
Main,97,Alien: Out of the Shadows: An Audible Original Drama,Alien: Out of the Shadows: An Audible Original Drama,Alien (book 3),3,"As a child, Chris Hooper dreamed of monsters. But in deep space, he found only darkness and isolation....","Tim Lebbon, Dirk Maggs","Rutger Hauer, Corey Johnson, Matthew Lewis, Kathryn Drysdale, Laurel Lefkow, Andrea Deck, Mac McDonald",,,,,4h 28m,,,,,,,,,,,,,,,,true,B01CYVJUBC,,,,,https://audible.com/pd/B01CYVJUBC?ipRedirectOverride=true&overrideBaseCountry=true,,https://www.audible.com/webplayer?asin=B01CYVJUBC,https://m.media-amazon.com/images/I/41xahZ5maKL._SL500_.jpg,https://www.goodreads.com/search?q=Tim%20Lebbon%20-%20Alien%3A%20Out%20of%20the%20Shadows%3A%20An%20Audible%20Original%20Drama,,,,true
Main,96,Foreign Affairs,Foreign Affairs,,,Foreign Affairs,Foreign Affairs,Kevin Stillwell,,,,,,,,,,,,,,,,,,,,true,true,B00T4IQG6Q,,,,,https://audible.com/pd/B00T4IQG6Q?ipRedirectOverride=true&overrideBaseCountry=true,,https://www.audible.com/webplayer?asin=B00T4IQG6Q,https://m.media-amazon.com/images/I/615oyxzWQpL._SL500_.jpg,https://www.goodreads.com/search?q=Foreign%20Affairs%20-%20Foreign%20Affairs,,,,true
Main,95,Sapiens: A Brief History of Humankind,Sapiens: A Brief History of Humankind,Sapiens,∞,#1 New York Times Bestseller New York Times Readers’ Pick: Top 100 Books of the 21st Century The Summer Reading Pick for President Barack Obama and Bill Gates Official U.S. edition From renowned historian Yuval Noah Harari comes a groundbreaking narrative of humanity’s creation and...,Yuval Noah Harari,Derek Perkins,,,,,,13h 55m left,,,,,,,,,,,,,,,true,B0741G911Q,,,,,https://audible.com/pd/B0741G911Q?ipRedirectOverride=true&overrideBaseCountry=true,,https://www.audible.com/webplayer?asin=B0741G911Q,https://m.media-amazon.com/images/I/41HWFhtig3L._SL500_.jpg,https://www.goodreads.com/search?q=Yuval%20Noah%20Harari%20-%20Sapiens%3A%20A%20Brief%20History%20of%20Humankind,,,,true
Main,94,The New York Times,The New York Times,,,The New York Times,The New York Times,,,,,,,,,,,,,,,,,,,,,true,true,B01BX2GCW8,,,,,https://audible.com/pd/B01BX2GCW8?ipRedirectOverride=true&overrideBaseCountry=true,,https://www.audible.com/webplayer?asin=B01BX2GCW8,https://m.media-amazon.com/images/I/41yXlEU2quL._SL500_.jpg,https://www.goodreads.com/search?q=The%20New%20York%20Times%20-%20The%20New%20York%20Times,,,,true
Main,93,The New York Times - Health & Science,The New York Times - Health & Science,,,"""[TITLE]"" is from the [SECTION] section of The New York Times. It was written by [AUTHOR(S)] and narrated by [NARRATOR(S)].",The New York Times,,,,,,,,,,,,,,,,,,,,,true,true,B016CI2GMS,,,,,https://audible.com/pd/B016CI2GMS?ipRedirectOverride=true&overrideBaseCountry=true,,https://www.audible.com/webplayer?asin=B016CI2GMS,https://m.media-amazon.com/images/I/51E8A5dq2AL._SL500_.jpg,https://www.goodreads.com/search?q=The%20New%20York%20Times%20-%20The%20New%20York%20Times%20-%20Health%20%26%20Science,,,,true
Main,92,Deadliest Enemy: Our War Against Killer Germs,Deadliest Enemy: Our War Against Killer Germs,,,"A leading epidemiologist shares his ""powerful and necessary"" (Richard Preston, author of The Hot Zone) stories from the front lines of our war on infectious diseases and explains how to prepare for global epidemics -- featuring a new preface on COVID-19. Unlike natural disasters, whose...","Mark Olshaker, Michael T. Osterholm PhD MPH",Jamie Renell,,,,,,3h 32m left,,,5,,,,,,,,,,,,true,B06XKLQ6S9,,,,,https://audible.com/pd/B06XKLQ6S9?ipRedirectOverride=true&overrideBaseCountry=true,,https://www.audible.com/webplayer?asin=B06XKLQ6S9,https://m.media-amazon.com/images/I/61bftR615sL._SL500_.jpg,https://www.goodreads.com/search?q=Mark%20Olshaker%20-%20Deadliest%20Enemy%3A%20Our%20War%20Against%20Killer%20Germs,,,,true
Main,91,The World as It Is: A Memoir of the Obama White House,The World as It Is: A Memoir of the Obama White House,,,"From one of Barack Obama’s closest aides comes a revelatory behind-the-scenes account of his presidency—and how idealism can confront harsh reality and still survive—in the tradition of Arthur Schlesinger, Jr.’s A Thousand Days: John F. Kennedy in the White House. For nearly ten years...",Ben Rhodes,"Mark Deakins, Ben Rhodes",,,,,,Finished,,,,,,,,,,,,,,,true,B07B7QLLTG,,,,,https://audible.com/pd/B07B7QLLTG?ipRedirectOverride=true&overrideBaseCountry=true,,https://www.audible.com/webplayer?asin=B07B7QLLTG,https://m.media-amazon.com/images/I/51+zPnkf-+L._SL500_.jpg,https://www.goodreads.com/search?q=Ben%20Rhodes%20-%20The%20World%20as%20It%20Is%3A%20A%20Memoir%20of%20the%20Obama%20White%20House,,,,true
Main,90,Spillover,Spillover,,,A masterpiece of science reporting that tracks the animal origins of emerging human diseases....,David Quammen,Jonathan Yen,,,,,,Finished,,,,,,,,,,,,,,,true,B00CS97FVI,,,,,https://audible.com/pd/B00CS97FVI?ipRedirectOverride=true&overrideBaseCountry=true,,https://www.audible.com/webplayer?asin=B00CS97FVI,https://m.media-amazon.com/images/I/512QoHV6n5L._SL500_.jpg,https://www.goodreads.com/search?q=David%20Quammen%20-%20Spillover,,,,true
Main,89,The Assassination Complex: Inside the Government's Secret Drone Warfare Program,The Assassination Complex: Inside the Government's Secret Drone Warfare Program,,,"“A searing, facts-driven indictment of America’s drone wars and their implications for US democracy and foreign policy. A must-read for concerned citizens” (Library Journal, starred review) from bestselling author Jeremy Scahill and his colleagues at the investigative website The Intercept...","Jeremy Scahill, The Staff of The Intercept, Glenn Greenwald, Jeremy Scahill - introduction",George Newbern,,,,,,3h 51m left,,,,,,,,,,,,,,,true,B01EVGEB26,,,,,https://audible.com/pd/B01EVGEB26?ipRedirectOverride=true&overrideBaseCountry=true,,https://www.audible.com/webplayer?asin=B01EVGEB26,https://m.media-amazon.com/images/I/51cWOPTbW2L._SL500_.jpg,https://www.goodreads.com/search?q=Jeremy%20Scahill%20-%20The%20Assassination%20Complex%3A%20Inside%20the%20Government's%20Secret%20Drone%20Warfare%20Program,,,,true
Main,88,A Concise History of the Haitian Revolution,A Concise History of the Haitian Revolution,,,"The Haitian Revolution, from the slave uprising in the French colony of Saint-Domingue in 1791 to the declaration of Haiti’s independence in 1804....",Jeremy D. Popkin,Matt Addis,,,,,7h 25m,,,,,,,,,,,,,,,true,true,B00BQHERAK,,,,,https://audible.com/pd/B00BQHERAK?ipRedirectOverride=true&overrideBaseCountry=true,,https://www.audible.com/webplayer?asin=B00BQHERAK,https://m.media-amazon.com/images/I/51lj6H5a1mL._SL500_.jpg,https://www.goodreads.com/search?q=Jeremy%20D.%20Popkin%20-%20A%20Concise%20History%20of%20the%20Haitian%20Revolution,,,,true
Main,87,Rationality: From AI to Zombies,Rationality: From AI to Zombies,,,"Eliezer Yudkowsky explains the science underlying human irrationality with a mix of fables, argumentative essays, and personal vignettes....",Eliezer Yudkowsky,"George Thomas, Robert DeRoeck, Aaron Silverbook",,,,,,48h 40m left,,,,,,,,,,,,,,,true,B076ZY6Y9C,,,,,https://audible.com/pd/B076ZY6Y9C?ipRedirectOverride=true&overrideBaseCountry=true,,https://www.audible.com/webplayer?asin=B076ZY6Y9C,https://m.media-amazon.com/images/I/51kenFZLr4L._SL500_.jpg,https://www.goodreads.com/search?q=Eliezer%20Yudkowsky%20-%20Rationality%3A%20From%20AI%20to%20Zombies,,,,true
Main,86,On Language: Chomsky's Classic Works 'Language and Responsibility' and 'Reflections on Language',On Language: Chomsky's Classic Works 'Language and Responsibility' and 'Reflections on Language',,,"Described by the New York Times as ""arguably the most important intellectual alive,"" Noam Chomsky is known throughout the world for his highly influential writings on language and politics....","Noam Chomsky, Mitsou Ronat",Fajer Al-Kaisi,,,,,14h 58m,,,,,,,,,,,,,,,,true,B00ICT3WF6,,,,,https://audible.com/pd/B00ICT3WF6?ipRedirectOverride=true&overrideBaseCountry=true,,https://www.audible.com/webplayer?asin=B00ICT3WF6,https://m.media-amazon.com/images/I/51JginbVjfL._SL500_.jpg,https://www.goodreads.com/search?q=Noam%20Chomsky%20-%20On%20Language%3A%20Chomsky's%20Classic%20Works%20'Language%20and%20Responsibility'%20and%20'Reflections%20on%20Language',,,,true
Main,85,Red Mars,Red Mars,Mars Trilogy (book 1),1,"Winner of the Nebula Award for Best Novel, Red Mars is the first book in Kim Stanley Robinson's best-selling trilogy. Red Mars is praised by scientists for its detailed visions of future technology. It is also hailed by authors and critics for its vivid characters and dramatic conflicts. For...",Kim Stanley Robinson,Richard Ferrone,,,,,23h 51m,,,,5,,,,,,,,,,,,true,B002VA9X3C,,,,,https://audible.com/pd/B002VA9X3C?ipRedirectOverride=true&overrideBaseCountry=true,,https://www.audible.com/webplayer?asin=B002VA9X3C,https://m.media-amazon.com/images/I/61oovVuXB5L._SL500_.jpg,https://www.goodreads.com/search?q=Kim%20Stanley%20Robinson%20-%20Red%20Mars,,,,true
Main,84,Understanding Power: The Indispensable Chomsky,Understanding Power: The Indispensable Chomsky,,,Noam Chomsky is universally accepted as one of the preeminent public intellectuals of the modern era....,"Noam Chomsky, John Schoeffel - editor, Peter R. Mitchell - editor",Robin Bloodworth,,,,,,13h 59m left,,,,,,,,,,,,,,,true,B00ICT5TYI,,,,,https://audible.com/pd/B00ICT5TYI?ipRedirectOverride=true&overrideBaseCountry=true,,https://www.audible.com/webplayer?asin=B00ICT5TYI,https://m.media-amazon.com/images/I/4187rL3AM-L._SL500_.jpg,https://www.goodreads.com/search?q=Noam%20Chomsky%20-%20Understanding%20Power%3A%20The%20Indispensable%20Chomsky,,,,true
Main,83,"A Higher Loyalty: Truth, Lies, and Leadership","A Higher Loyalty: Truth, Lies, and Leadership",,,"""Comey's conversational tone instantly connects with the listener, and hearing him deliver the book's highly charged contents in his own voice brings authenticity and immediacy to the presentation...This greatly anticipated, revelatory memoir needs to be heard."" — AudioFile Magazine The #1 New...",James Comey,James Comey,,,,,9h 13m,,,,,,,,,,,,,,,,true,B07773BYJV,,,,,https://audible.com/pd/B07773BYJV?ipRedirectOverride=true&overrideBaseCountry=true,,https://www.audible.com/webplayer?asin=B07773BYJV,https://m.media-amazon.com/images/I/31Cn63dhVtL._SL500_.jpg,https://www.goodreads.com/search?q=James%20Comey%20-%20A%20Higher%20Loyalty%3A%20Truth%2C%20Lies%2C%20and%20Leadership,,,,true
Main,82,The Doomsday Machine,The Doomsday Machine,,,The Doomsday Machine is Ellsberg's hair-raising insider's account of the most dangerous arms buildup in the history of civilization....,Daniel Ellsberg,Steven Cooper,,,,,14h 34m,,,,,,,,,,,,,,,,true,B077NQ3158,,,,,https://audible.com/pd/B077NQ3158?ipRedirectOverride=true&overrideBaseCountry=true,,https://www.audible.com/webplayer?asin=B077NQ3158,https://m.media-amazon.com/images/I/41v-ikEh09L._SL500_.jpg,https://www.goodreads.com/search?q=Daniel%20Ellsberg%20-%20The%20Doomsday%20Machine,,,,true
Main,81,We Were Eight Years in Power: An American Tragedy,We Were Eight Years in Power: An American Tragedy,,,"In this “urgently relevant”* collection featuring the landmark essay “The Case for Reparations,” the National Book Award–winning author of Between the World and Me “reflects on race, Barack Obama’s presidency and its jarring aftermath”*—including the election of Donald Trump...",Ta-Nehisi Coates,Beresford Bennett,,,,,13h 38m,,,,,,,,,,,,,,,,true,B074F4X4TY,,,,,https://audible.com/pd/B074F4X4TY?ipRedirectOverride=true&overrideBaseCountry=true,,https://www.audible.com/webplayer?asin=B074F4X4TY,https://m.media-amazon.com/images/I/41gyyst7ABL._SL500_.jpg,https://www.goodreads.com/search?q=Ta-Nehisi%20Coates%20-%20We%20Were%20Eight%20Years%20in%20Power%3A%20An%20American%20Tragedy,,,,true
Main,80,The Russian Revolution: A New History,The Russian Revolution: A New History,,,"From an award-winning scholar, this definitive history reveals the tensions and transformations of the Russian Revolution. “McMeekin writes muscular history. His Russian Revolution grips the reader.” —Niall Ferguson In The Russian Revolution, acclaimed historian Sean McMeekin traces the...",Sean McMeekin,Pete Larkin,,,,,15h 3m,,,,,,,,,,,,,,,,true,B072Y3T488,,,,,https://audible.com/pd/B072Y3T488?ipRedirectOverride=true&overrideBaseCountry=true,,https://www.audible.com/webplayer?asin=B072Y3T488,https://m.media-amazon.com/images/I/51e4EaMEMGL._SL500_.jpg,https://www.goodreads.com/search?q=Sean%20McMeekin%20-%20The%20Russian%20Revolution%3A%20A%20New%20History,,,,true
Main,79,"The Information: A History, a Theory, a Flood","The Information: A History, a Theory, a Flood",,,"James Gleick, the author of the best sellers Chaos and Genius, now brings us a work just as astonishing and masterly: a revelatory chronicle and meditation that shows how information has become the modern era’s defining quality—the blood, the fuel, the vital principle of our world. The story...",James Gleick,Rob Shapiro,,,,,,15h 27m left,,,,,,,,,,,,,,,true,B004L10YIM,,,,,https://audible.com/pd/B004L10YIM?ipRedirectOverride=true&overrideBaseCountry=true,,https://www.audible.com/webplayer?asin=B004L10YIM,https://m.media-amazon.com/images/I/61MOwo3e9wL._SL500_.jpg,https://www.goodreads.com/search?q=James%20Gleick%20-%20The%20Information%3A%20A%20History%2C%20a%20Theory%2C%20a%20Flood,,,,true
Main,78,"Enlightenment Now: The Case for Reason, Science, Humanism, and Progress","Enlightenment Now: The Case for Reason, Science, Humanism, and Progress",,,"INSTANT NEW YORK TIMES BESTSELLER A NEW YORK TIMES NOTABLE BOOK OF 2018 ONE OF THE ECONOMIST'S BOOKS OF THE YEAR If you think the world is coming to an end, think again: people are living longer, healthier, freer, and happier lives, and while our problems are formidable, the solutions lie in the...",Steven Pinker,Arthur Morey,,,,,,Finished,,,5,,,,,,,,,,,,true,B075FBZBLT,,,,,https://audible.com/pd/B075FBZBLT?ipRedirectOverride=true&overrideBaseCountry=true,,https://www.audible.com/webplayer?asin=B075FBZBLT,https://m.media-amazon.com/images/I/61lajmv9ycL._SL500_.jpg,https://www.goodreads.com/search?q=Steven%20Pinker%20-%20Enlightenment%20Now%3A%20The%20Case%20for%20Reason%2C%20Science%2C%20Humanism%2C%20and%20Progress,,,,true
Main,77,Artemis,Artemis,,,"On the Moon, crime pays, but small-time crook Jazz Bashara may have just uncovered a conspiracy of lunar proportions. Welcome to Artemis.",Andy Weir,Rosario Dawson,,,,,,7h 31m left,,,,,,,,,,,,,,,true,B072R1CY4P,,,,,https://audible.com/pd/B072R1CY4P?ipRedirectOverride=true&overrideBaseCountry=true,,https://www.audible.com/webplayer?asin=B072R1CY4P,https://m.media-amazon.com/images/I/51fisVXQNrL._SL500_.jpg,https://www.goodreads.com/search?q=Andy%20Weir%20-%20Artemis,,,,true
Main,76,I Contain Multitudes: The Microbes Within Us and a Grander View of Life,I Contain Multitudes: The Microbes Within Us and a Grander View of Life,,,New York Times Bestseller New York Times Notable Book of 2016 NPR Great Read of 2016 Economist Best Books of 2016 Brain Pickings Best Science Books of 2016 Smithsonian Best Books about Science of 2016 Science Friday Best Science Book of 2016 A Mother Jones Notable Read of 2016 A Bill Gates...,Ed Yong,Charlie Anson,,,,,,Finished,,,5,,,,,,,,,,,,true,B01FY85DKO,,,,,https://audible.com/pd/B01FY85DKO?ipRedirectOverride=true&overrideBaseCountry=true,,https://www.audible.com/webplayer?asin=B01FY85DKO,https://m.media-amazon.com/images/I/611f7Pm-zaL._SL500_.jpg,https://www.goodreads.com/search?q=Ed%20Yong%20-%20I%20Contain%20Multitudes%3A%20The%20Microbes%20Within%20Us%20and%20a%20Grander%20View%20of%20Life,,,,true
Main,75,On the Move: A Life,On the Move: A Life,Oliver Sacks' Memoirs (book 2),2,"When Oliver Sacks was twelve years old, a perceptive schoolmaster wrote in his report: “Sacks will go far, if he does not go too far.” It is now abundantly clear that Sacks has never stopped going. From its opening pages on his youthful obsession with motorcycles and speed, On the Move is...",Oliver Sacks,Dan Woren,,,,,,Finished,,,,,,,,,,,,,,,true,B00UKG22WS,,,,,https://audible.com/pd/B00UKG22WS?ipRedirectOverride=true&overrideBaseCountry=true,,https://www.audible.com/webplayer?asin=B00UKG22WS,https://m.media-amazon.com/images/I/51vUn6TqsEL._SL500_.jpg,https://www.goodreads.com/search?q=Oliver%20Sacks%20-%20On%20the%20Move%3A%20A%20Life,,,,true
Main,74,Radiologists at Work: Saving Lives with the Lights Off,Radiologists at Work: Saving Lives with the Lights Off,X-Ray Visions (book 1),1,Is it cancer or just a bad pixel? Radiologists are the physicians we rarely get to see....,Carolyn Jourdan,Eric Martin,,,,,,3h 8m left,,,,,,,,,,,,,,,true,B01MZEB41X,,,,,https://audible.com/pd/B01MZEB41X?ipRedirectOverride=true&overrideBaseCountry=true,,https://www.audible.com/webplayer?asin=B01MZEB41X,https://m.media-amazon.com/images/I/51pKzuciiaL._SL500_.jpg,https://www.goodreads.com/search?q=Carolyn%20Jourdan%20-%20Radiologists%20at%20Work%3A%20Saving%20Lives%20with%20the%20Lights%20Off,,,,true
Main,73,Behave: The Biology of Humans at Our Best and Worst,Behave: The Biology of Humans at Our Best and Worst,,,"New York Times bestseller Winner of the Los Angeles Times Book Prize One of the Washington Post's 10 Best Books of the Year “It’s no exaggeration to say that Behave is one of the best nonfiction books I’ve ever read.” —David P. Barash, The Wall Street Journal ""It has my vote...",Robert M. Sapolsky,Michael Goldstrom,,,,,,6h 52m left,,,,,,,,,,,,,,,true,B06XW3MVNF,,,,,https://audible.com/pd/B06XW3MVNF?ipRedirectOverride=true&overrideBaseCountry=true,,https://www.audible.com/webplayer?asin=B06XW3MVNF,https://m.media-amazon.com/images/I/419STFbLtCL._SL500_.jpg,https://www.goodreads.com/search?q=Robert%20M.%20Sapolsky%20-%20Behave%3A%20The%20Biology%20of%20Humans%20at%20Our%20Best%20and%20Worst,,,,true
Main,72,Pale Blue Dot: A Vision of the Human Future in Space,Pale Blue Dot: A Vision of the Human Future in Space,,,"""FASCINATING . . . MEMORABLE . . . REVEALING . . . PERHAPS THE BEST OF CARL SAGAN''S BOOKS."" --The Washington Post Book World (front page review) In Cosmos, the late astronomer Carl Sagan cast his gaze over the magnificent mystery of the Universe and made it accessible to millions of people...",Carl Sagan,"Carl Sagan, Ann Druyan",,,,,,12h 6m left,,,,,,,,,,,,,,,true,B06XTJN84L,,,,,https://audible.com/pd/B06XTJN84L?ipRedirectOverride=true&overrideBaseCountry=true,,https://www.audible.com/webplayer?asin=B06XTJN84L,https://m.media-amazon.com/images/I/4150jWuoBbL._SL500_.jpg,https://www.goodreads.com/search?q=Carl%20Sagan%20-%20Pale%20Blue%20Dot%3A%20A%20Vision%20of%20the%20Human%20Future%20in%20Space,,,,true
Main,71,"Elon Musk: Tesla, SpaceX, and the Quest for a Fantastic Future","Elon Musk: Tesla, SpaceX, and the Quest for a Fantastic Future",,,"A New York Times Bestseller In the spirit of Steve Jobs and Moneyball, Elon Musk is both an illuminating and authorized look at the extraordinary life of one of Silicon Valley’s most exciting, unpredictable, and ambitious entrepreneurs—a real-life Tony Stark—and a fascinating exploration...",Ashlee Vance,Fred Sanders,,,,,,Finished,,,,,,,,,,,,,,,true,B00UX8ODPM,,,,,https://audible.com/pd/B00UX8ODPM?ipRedirectOverride=true&overrideBaseCountry=true,,https://www.audible.com/webplayer?asin=B00UX8ODPM,https://m.media-amazon.com/images/I/51J7VM7yelL._SL500_.jpg,https://www.goodreads.com/search?q=Ashlee%20Vance%20-%20Elon%20Musk%3A%20Tesla%2C%20SpaceX%2C%20and%20the%20Quest%20for%20a%20Fantastic%20Future,,,,true
Main,70,The Singularity Is Near: When Humans Transcend Biology,The Singularity Is Near: When Humans Transcend Biology,,,"For over three decades, the great inventor and futurist Ray Kurzweil has been one of the most respected and provocative advocates of the role of technology in our future. In his classic The Age of Spiritual Machines, he argued that computers would soon rival the full range of human intelligence...",Ray Kurzweil,George K. Wilson,,,,,,20h 42m left,,,,,,,,,,,,,,true,true,B004Z48FYU,,,,,https://audible.com/pd/B004Z48FYU?ipRedirectOverride=true&overrideBaseCountry=true,,https://www.audible.com/webplayer?asin=B004Z48FYU,https://m.media-amazon.com/images/I/51AO6dInDiL._SL500_.jpg,https://www.goodreads.com/search?q=Ray%20Kurzweil%20-%20The%20Singularity%20Is%20Near%3A%20When%20Humans%20Transcend%20Biology,,,,true
Main,69,This Changes Everything: Capitalism vs. The Climate,This Changes Everything: Capitalism vs. The Climate,,,"The most important book yet from the author of the international bestseller The Shock Doctrine, a brilliant explanation of why the climate crisis challenges us to abandon the core “free market” ideology of our time, restructure the global economy, and remake our political systems. In short...",Naomi Klein,Ellen Archer,,,,,20h 44m,,,,,,,,,,,,,,,,true,B00M9J1VV2,,,,,https://audible.com/pd/B00M9J1VV2?ipRedirectOverride=true&overrideBaseCountry=true,,https://www.audible.com/webplayer?asin=B00M9J1VV2,https://m.media-amazon.com/images/I/51ekTEdFG-L._SL500_.jpg,https://www.goodreads.com/search?q=Naomi%20Klein%20-%20This%20Changes%20Everything%3A%20Capitalism%20vs.%20The%20Climate,,,,true
Main,68,The Female Eunuch,The Female Eunuch,,,"A worldwide best seller, The Female Eunuch is a landmark book in the history of the women's movement and a ground-breaking feminist tract....",Germaine Greer,Germaine Greer,,,,,12h 33m,,,,,,,,,,,,,,,true,true,B00ADPWNFW,,,,,https://audible.com/pd/B00ADPWNFW?ipRedirectOverride=true&overrideBaseCountry=true,,https://www.audible.com/webplayer?asin=B00ADPWNFW,https://m.media-amazon.com/images/I/51Ive25+BzL._SL500_.jpg,https://www.goodreads.com/search?q=Germaine%20Greer%20-%20The%20Female%20Eunuch,,,,true
Main,67,"Ray Kurzweil Commencement Address at WPI (May 21, 2005)","Ray Kurzweil Commencement Address at WPI (May 21, 2005)",,,"Ray Kurzweil, the world-renowned inventor, futurist, and author, addresses the graduating class at Worcester Polytechnic Institute's 137th commencement in Worcester, Mass.....",Ray Kurzweil,Ray Kurzweil,,,,,11m,,,,,,,,,,,,,,,,true,B002V0JWA6,,,,,https://audible.com/pd/B002V0JWA6?ipRedirectOverride=true&overrideBaseCountry=true,,https://www.audible.com/webplayer?asin=B002V0JWA6,https://m.media-amazon.com/images/I/41GC6uAcw2L._SL500_.jpg,https://www.goodreads.com/search?q=Ray%20Kurzweil%20-%20Ray%20Kurzweil%20Commencement%20Address%20at%20WPI%20(May%2021%2C%202005),,,,true
Main,66,Expert Political Judgment: How Good is it? How can We Know?,Expert Political Judgment: How Good is it? How can We Know?,,,The intelligence failures surrounding the invasion of Iraq dramatically illustrate the necessity of developing standards for evaluating expert opinion....,Philip E. Tetlock,Anthony Haden Salerno,,,,,9h 48m,,,,,,,,,,,,,,,,true,B00GMA5Y4E,,,,,https://audible.com/pd/B00GMA5Y4E?ipRedirectOverride=true&overrideBaseCountry=true,,https://www.audible.com/webplayer?asin=B00GMA5Y4E,https://m.media-amazon.com/images/I/41Xgg2Z6riL._SL500_.jpg,https://www.goodreads.com/search?q=Philip%20E.%20Tetlock%20-%20Expert%20Political%20Judgment%3A%20How%20Good%20is%20it%3F%20How%20can%20We%20Know%3F,,,,true
Main,65,"The Zero Marginal Cost Society: The Internet of Things, the Collaborative Commons, and the Eclipse of Capitalism","The Zero Marginal Cost Society: The Internet of Things, the Collaborative Commons, and the Eclipse of Capitalism",,,"In The Zero Marginal Cost Society, New York Times bestselling author Jeremy Rifkin argues that the capitalist era is passing—not quickly, but inevitably. The emerging Internet of Things is giving rise to a new economic system that will transform our way of life. In this provocative new book...",Jeremy Rifkin,David Cochran Heath,,,,,,Finished,,,,,,,,,,,,,,,true,B00J27WNIO,,,,,https://audible.com/pd/B00J27WNIO?ipRedirectOverride=true&overrideBaseCountry=true,,https://www.audible.com/webplayer?asin=B00J27WNIO,https://m.media-amazon.com/images/I/41GMUadZGwL._SL500_.jpg,https://www.goodreads.com/search?q=Jeremy%20Rifkin%20-%20The%20Zero%20Marginal%20Cost%20Society%3A%20The%20Internet%20of%20Things%2C%20the%20Collaborative%20Commons%2C%20and%20the%20Eclipse%20of%20Capitalism,,,,true
Main,64,A People's History of the United States,A People's History of the United States,,,"THE CLASSIC NATIONAL BESTSELLER """"A wonderful, splendid book—a book that should be read by every American, student or otherwise, who wants to understand his country, its true history, and its hope for the future."""" –Howard Fast Historian Howard Zinn’s A People’s History of the United...",Howard Zinn,Jeff Zinn,,,,,,31h 26m left,,,,,,,,,,,,,,,true,B0030H777E,,,,,https://audible.com/pd/B0030H777E?ipRedirectOverride=true&overrideBaseCountry=true,,https://www.audible.com/webplayer?asin=B0030H777E,https://m.media-amazon.com/images/I/31e1+7T5-vL._SL500_.jpg,https://www.goodreads.com/search?q=Howard%20Zinn%20-%20A%20People's%20History%20of%20the%20United%20States,,,,true
Main,63,The Moral Animal: Why We Are the Way We Are: The New Science of Evolutionary Psychology,The Moral Animal: Why We Are the Way We Are: The New Science of Evolutionary Psychology,,,Are men born to cheat? Does monogamy serve women's interests? Wright unveils the genetic strategies behind everything from our sexual preferences to our office politics....,Robert Wright,Greg Thornton,,,,,,Finished,,,,,,,,,,,,,,,true,B003SGKOT0,,,,,https://audible.com/pd/B003SGKOT0?ipRedirectOverride=true&overrideBaseCountry=true,,https://www.audible.com/webplayer?asin=B003SGKOT0,https://m.media-amazon.com/images/I/51SoeNX4N-L._SL500_.jpg,https://www.goodreads.com/search?q=Robert%20Wright%20-%20The%20Moral%20Animal%3A%20Why%20We%20Are%20the%20Way%20We%20Are%3A%20The%20New%20Science%20of%20Evolutionary%20Psychology,,,,true
Main,62,Poor Economics: A Radical Rethinking of the Way to Fight Global Poverty,Poor Economics: A Radical Rethinking of the Way to Fight Global Poverty,,,"Billions of government dollars, and thousands of charitable organizations and NGOs, are dedicated to helping the world’s poor. But much of their work is based on assumptions that are untested generalizations at best, harmful misperceptions at worst. Abhijit Banerjee and Esther Duflo have...","Abhijit V. Banerjee, Esther Duflo",Brian Holsopple,,,,,,Finished,,,,,,,,,,,,,,true,true,B006LPHB00,,,,,https://audible.com/pd/B006LPHB00?ipRedirectOverride=true&overrideBaseCountry=true,,https://www.audible.com/webplayer?asin=B006LPHB00,https://m.media-amazon.com/images/I/51ke4PqBFpL._SL500_.jpg,https://www.goodreads.com/search?q=Abhijit%20V.%20Banerjee%20-%20Poor%20Economics%3A%20A%20Radical%20Rethinking%20of%20the%20Way%20to%20Fight%20Global%20Poverty,,,,true
Main,61,The Collected Stories of Arthur C. Clarke,The Collected Stories of Arthur C. Clarke,,,"From early work through classic stories and all the way to later work, this comprehensive short story collection encapsulates one of the great science fiction careers of all time....",Arthur C. Clarke,"Ralph Lister, Ray Porter, Jonathan Davis",,,,,,23h 29m left,,,,,,,,,,,,,,,true,B01JQSAN94,,,,,https://audible.com/pd/B01JQSAN94?ipRedirectOverride=true&overrideBaseCountry=true,,https://www.audible.com/webplayer?asin=B01JQSAN94,https://m.media-amazon.com/images/I/517YqC90OcL._SL500_.jpg,https://www.goodreads.com/search?q=Arthur%20C.%20Clarke%20-%20The%20Collected%20Stories%20of%20Arthur%20C.%20Clarke,,,,true
Main,60,"The Age of Em: Work, Love, and Life When Robots Rule the Earth","The Age of Em: Work, Love, and Life When Robots Rule the Earth",,,"Robots may one day rule the world, but what is a robot-ruled Earth like? Many think the first truly smart robots will be brain emulations, or ems....",Robin Hanson,Michael Butler Murray,,,,,,10h 18m left,,,,,,,,,,,,,,,true,B01KMD3CHM,,,,,https://audible.com/pd/B01KMD3CHM?ipRedirectOverride=true&overrideBaseCountry=true,,https://www.audible.com/webplayer?asin=B01KMD3CHM,https://m.media-amazon.com/images/I/51LiscTU5yL._SL500_.jpg,https://www.goodreads.com/search?q=Robin%20Hanson%20-%20The%20Age%20of%20Em%3A%20Work%2C%20Love%2C%20and%20Life%20When%20Robots%20Rule%20the%20Earth,,,,true
Main,59,Thus Spoke Zarathustra: A Book for All and None,Thus Spoke Zarathustra: A Book for All and None,,,Thus Spoke Zarathustra is one of the most extraordinary - and important - texts in Western philosophy. It was written by Friedrich Nietzsche between 1883 and 1885. He cast it in the form of a novel in the hope that his urgent message of the 'death of God' and the rise of the superman...,Friedrich Nietzsche,Christopher Oxford,,,,,,9h 10m left,,,,,,,,,,,,,,,true,B0198PWY1U,,,,,https://audible.com/pd/B0198PWY1U?ipRedirectOverride=true&overrideBaseCountry=true,,https://www.audible.com/webplayer?asin=B0198PWY1U,https://m.media-amazon.com/images/I/41fuIyBwfQL._SL500_.jpg,https://www.goodreads.com/search?q=Friedrich%20Nietzsche%20-%20Thus%20Spoke%20Zarathustra%3A%20A%20Book%20for%20All%20and%20None,,,,true
Main,58,Superforecasting: The Art and Science of Prediction,Superforecasting: The Art and Science of Prediction,,,"From one of the world's most highly regarded social scientists, a transformative book on the habits of mind that lead to the best predictions....","Philip Tetlock, Dan Gardner",Joel Richards,,,,,,Finished,,,,,,,,,,,,,,,true,B0131RM7OK,,,,,https://audible.com/pd/B0131RM7OK?ipRedirectOverride=true&overrideBaseCountry=true,,https://www.audible.com/webplayer?asin=B0131RM7OK,https://m.media-amazon.com/images/I/51LafZreGvL._SL500_.jpg,https://www.goodreads.com/search?q=Philip%20Tetlock%20-%20Superforecasting%3A%20The%20Art%20and%20Science%20of%20Prediction,,,,true
Main,57,3001: The Final Odyssey: A Novel,3001: The Final Odyssey: A Novel,Space Odyssey Series (book 4),4,"In 3001: The Final Odyssey, Arthur C. Clarke brings the greatest and most successful science fiction series of all time to its magnificent, stunningly unforeseen conclusion. As we hurtle toward the new millennium in real time, Clarke brilliantly, daringly leaps one thousand years into the future...",Arthur C. Clarke,Scott Brick,,,,,,53m left,,,,,,,,,,,,,,,true,B00845TEKA,,,,,https://audible.com/pd/B00845TEKA?ipRedirectOverride=true&overrideBaseCountry=true,,https://www.audible.com/webplayer?asin=B00845TEKA,https://m.media-amazon.com/images/I/51P0REwtUVL._SL500_.jpg,https://www.goodreads.com/search?q=Arthur%20C.%20Clarke%20-%203001%3A%20The%20Final%20Odyssey%3A%20A%20Novel,,,,true
Main,56,The Moon Is a Harsh Mistress,The Moon Is a Harsh Mistress,,,"Revolution is brewing on twenty-first-century Luna, a moon-based penal colony where oppressed “Loonies” are being exploited by a harsh Authority that controls it from Earth. Against all odds, a ragtag collection of dissidents has banded together in revolt, including a young female radical...",Robert A. Heinlein,Lloyd James,,,,,14h 12m,,,,,,,,,,,,,,,,true,B002VA35NG,,,,,https://audible.com/pd/B002VA35NG?ipRedirectOverride=true&overrideBaseCountry=true,,https://www.audible.com/webplayer?asin=B002VA35NG,https://m.media-amazon.com/images/I/51m4JEDXsdL._SL500_.jpg,https://www.goodreads.com/search?q=Robert%20A.%20Heinlein%20-%20The%20Moon%20Is%20a%20Harsh%20Mistress,,,,true
Main,55,Brave New World,Brave New World,,,"Originally published in 1932, this outstanding work of literature is more crucial and relevant today than ever before. “One of the most prophetic dystopian works of the 20th century”—Wall Street Journal Cloning, feel-good drugs, antiaging programs, and total social control through politics...",Aldous Huxley,Michael York,,,,,8h,,,,,,,,,,,,,,,,true,B002V1BVK4,,,,,https://audible.com/pd/B002V1BVK4?ipRedirectOverride=true&overrideBaseCountry=true,,https://www.audible.com/webplayer?asin=B002V1BVK4,https://m.media-amazon.com/images/I/51PpzUbiLeL._SL500_.jpg,https://www.goodreads.com/search?q=Aldous%20Huxley%20-%20Brave%20New%20World,,,,true
Main,54,The Structure of Scientific Revolutions,The Structure of Scientific Revolutions,,,"The Structure of Scientific Revolutions is essential listening for understanding the history, philosophy, and evolution of science....",Thomas S. Kuhn,Dennis Holland,,,,,,8h 23m left,,,,,,,,,,,,,,,true,B002VA3B2Q,,,,,https://audible.com/pd/B002VA3B2Q?ipRedirectOverride=true&overrideBaseCountry=true,,https://www.audible.com/webplayer?asin=B002VA3B2Q,https://m.media-amazon.com/images/I/51jkGzij3XL._SL500_.jpg,https://www.goodreads.com/search?q=Thomas%20S.%20Kuhn%20-%20The%20Structure%20of%20Scientific%20Revolutions,,,,true
Main,53,"Superintelligence: Paths, Dangers, Strategies","Superintelligence: Paths, Dangers, Strategies",,,Nick Bostrom lays the foundation for understanding the future of humanity and intelligent life....,Nick Bostrom,Napoleon Ryan,,,,,,11h 25m left,,,,,,,,,,,,,,,true,B00LPMD72K,,,,,https://audible.com/pd/B00LPMD72K?ipRedirectOverride=true&overrideBaseCountry=true,,https://www.audible.com/webplayer?asin=B00LPMD72K,https://m.media-amazon.com/images/I/51HPnlQWugL._SL500_.jpg,https://www.goodreads.com/search?q=Nick%20Bostrom%20-%20Superintelligence%3A%20Paths%2C%20Dangers%2C%20Strategies,,,,true
Main,52,The David Foster Wallace Reader,The David Foster Wallace Reader,,,"Where do you begin with a writer as original and brilliant as David Foster Wallace? Here -- with a carefully considered selection of his extraordinary body of work, chosen by a range of great writers, critics, and those who worked with him most closely. This volume presents his most dazzling...",David Foster Wallace,"Robert Petkoff, David Foster Wallace, Sally Foster Wallace, Sean Pratt, Khristine Hvam, Ben Shenkman, Bobby Cannavale, Paul Garcia",,,,,48h 44m,,,,,,,,,,,,,,,,true,B00P6U2O1W,,,,,https://audible.com/pd/B00P6U2O1W?ipRedirectOverride=true&overrideBaseCountry=true,,https://www.audible.com/webplayer?asin=B00P6U2O1W,https://m.media-amazon.com/images/I/51FfkCdlZZL._SL500_.jpg,https://www.goodreads.com/search?q=David%20Foster%20Wallace%20-%20The%20David%20Foster%20Wallace%20Reader,,,,true
Main,51,Capital in the Twenty-First Century,Capital in the Twenty-First Century,,,"In Capital in the Twenty-First Century, Thomas Piketty analyzes a unique collection of data from 20 countries, ranging as far back as the 18th century, to uncover key economic and social patterns....","Thomas Piketty, Arthur Goldhammer - translator",L. J. Ganser,,,,,24h 58m,,,,,,,,,,,,,,,,true,B00K33KA7M,,,,,https://audible.com/pd/B00K33KA7M?ipRedirectOverride=true&overrideBaseCountry=true,,https://www.audible.com/webplayer?asin=B00K33KA7M,https://m.media-amazon.com/images/I/41jenCaS2JL._SL500_.jpg,https://www.goodreads.com/search?q=Thomas%20Piketty%20-%20Capital%20in%20the%20Twenty-First%20Century,__WISHLIST,,,true
Main,50,Misbehaving: The Making of Behavioral Economics,Misbehaving: The Making of Behavioral Economics,,,"Richard H. Thaler has spent his career studying the radical notion that the central agents in the economy are humans - predictable, error-prone individuals....",Richard H. Thaler,L. J. Ganser,,,,,13h 35m,,,,,,,,,,,,,,,,true,B00VQTE4OC,,,,,https://audible.com/pd/B00VQTE4OC?ipRedirectOverride=true&overrideBaseCountry=true,,https://www.audible.com/webplayer?asin=B00VQTE4OC,https://m.media-amazon.com/images/I/51LsfuzFU7L._SL500_.jpg,https://www.goodreads.com/search?q=Richard%20H.%20Thaler%20-%20Misbehaving%3A%20The%20Making%20of%20Behavioral%20Economics,,,,true
Main,49,Plato at the Googleplex: Why Philosophy Won't Go Away,Plato at the Googleplex: Why Philosophy Won't Go Away,,,The acclaimed philosopher and novelist Rebecca Newberger Goldstein provides a dazzlingly original plunge into the drama of philosophy....,Rebecca Goldstein,Dennis Holland,,,,,,10h 31m left,,,,,,,,,,,,,,,true,B00J8SYBI2,,,,,https://audible.com/pd/B00J8SYBI2?ipRedirectOverride=true&overrideBaseCountry=true,,https://www.audible.com/webplayer?asin=B00J8SYBI2,https://m.media-amazon.com/images/I/51Nys7G4T0L._SL500_.jpg,https://www.goodreads.com/search?q=Rebecca%20Goldstein%20-%20Plato%20at%20the%20Googleplex%3A%20Why%20Philosophy%20Won't%20Go%20Away,,,,true
Main,48,Every Patient Tells A Story: Medical Mysteries and the Art of Diagnosis,Every Patient Tells A Story: Medical Mysteries and the Art of Diagnosis,,,"A riveting exploration of the most difficult and important part of what doctors do, by Yale School of Medicine physician Dr. Lisa Sanders, author of the monthly New York Times Magazine column ""Diagnosis,"" the inspiration for the hit Fox TV series House, M.D. ""The experience of being ill can be...",Lisa Sanders,Lisa Sanders,,,,,10h 9m,,,,,,,,,,,,,,,,true,B002V8L184,,,,,https://audible.com/pd/B002V8L184?ipRedirectOverride=true&overrideBaseCountry=true,,https://www.audible.com/webplayer?asin=B002V8L184,https://m.media-amazon.com/images/I/41I5U6-wsYL._SL500_.jpg,https://www.goodreads.com/search?q=Lisa%20Sanders%20-%20Every%20Patient%20Tells%20A%20Story%3A%20Medical%20Mysteries%20and%20the%20Art%20of%20Diagnosis,,,,true
Main,47,2001: A Space Odyssey,2001: A Space Odyssey,Space Odyssey Series (book 1),1,"It has been more than forty years since the publication of this classic science fiction novel that changed the way we look at the stars and ourselves. From the savannas of Africa at the dawn of mankind to the rings of Saturn as man adventures to the outer rim of our solar system, 2001: A Space...",Arthur C. Clarke,Dick Hill,,,,,,4m left,,,,,,,,,,,,,,,true,B002UZJGYY,,,,,https://audible.com/pd/B002UZJGYY?ipRedirectOverride=true&overrideBaseCountry=true,,https://www.audible.com/webplayer?asin=B002UZJGYY,https://m.media-amazon.com/images/I/41Sd-dVwqdL._SL500_.jpg,https://www.goodreads.com/search?q=Arthur%20C.%20Clarke%20-%202001%3A%20A%20Space%20Odyssey,,,,true
Main,46,Homage to Catalonia,Homage to Catalonia,,,"In 1936, George Orwell went to Spain to report on the civil war and instead joined the P.O.U.M. militia to fight against the Fascists....",George Orwell,Frederick Davidson,,,,,,Finished,,,,,,,,,,,,,,,true,B002V1AFK6,,,,,https://audible.com/pd/B002V1AFK6?ipRedirectOverride=true&overrideBaseCountry=true,,https://www.audible.com/webplayer?asin=B002V1AFK6,https://m.media-amazon.com/images/I/51L8Vntoz0L._SL500_.jpg,https://www.goodreads.com/search?q=George%20Orwell%20-%20Homage%20to%20Catalonia,,,,true
Main,45,Neanderthal Man: In Search of Lost Genomes,Neanderthal Man: In Search of Lost Genomes,,,"A riveting story about a visionary researcher and the nature of scientific inquiry, Neanderthal Man offers rich insight into the fundamental question of who we are....",Svante Pääbo,Dennis Holland,,,,,,9h 26m left,,,5,,,,,,,,,,,,true,B00O3PYCCK,,,,,https://audible.com/pd/B00O3PYCCK?ipRedirectOverride=true&overrideBaseCountry=true,,https://www.audible.com/webplayer?asin=B00O3PYCCK,https://m.media-amazon.com/images/I/51qBwUC+IPL._SL500_.jpg,https://www.goodreads.com/search?q=Svante%20P%C3%A4%C3%A4bo%20-%20Neanderthal%20Man%3A%20In%20Search%20of%20Lost%20Genomes,,,,true
Main,44,Letters to a Young Scientist,Letters to a Young Scientist,,,Pulitzer Prize–winning biologist Edward O. Wilson imparts the wisdom of his storied career to the next generation.....,Edward O. Wilxon,Joe Barrett,,,,,4h 57m,,,,,,,,,,,,,,,,true,B00ESM0KXI,,,,,https://audible.com/pd/B00ESM0KXI?ipRedirectOverride=true&overrideBaseCountry=true,,https://www.audible.com/webplayer?asin=B00ESM0KXI,https://m.media-amazon.com/images/I/61X+QSZxKUL._SL500_.jpg,https://www.goodreads.com/search?q=Edward%20O.%20Wilxon%20-%20Letters%20to%20a%20Young%20Scientist,,,,true
Main,43,When Breath Becomes Air,When Breath Becomes Air,,,"#1 NEW YORK TIMES BESTSELLER PULITZER PRIZE FINALIST OVER TWO MILLION COPIES SOLD This inspiring, exquisitely observed memoir finds hope and beauty in the face of insurmountable odds as an idealistic young neurosurgeon attempts to answer the question, What makes a life worth living?...","Paul Kalanithi, Lucy Kalanithi, Abraham Verghese - introduction","Sunil Malhotra, Lucy Kalanithi",,,,,,2h 40m left,,,,,,,,,,,,,,,true,B0191YTGI2,,,,,https://audible.com/pd/B0191YTGI2?ipRedirectOverride=true&overrideBaseCountry=true,,https://www.audible.com/webplayer?asin=B0191YTGI2,https://m.media-amazon.com/images/I/319FRYaDFzL._SL500_.jpg,https://www.goodreads.com/search?q=Paul%20Kalanithi%20-%20When%20Breath%20Becomes%20Air,,,,true
Main,42,Brief Candle in the Dark: My Life in Science,Brief Candle in the Dark: My Life in Science,,,"In this hugely entertaining sequel to the New York Times bestselling memoir An Appetite for Wonder, Richard Dawkins delves deeply into his intellectual life spent kick-starting new conversations about science, culture, and religion and writing yet another of the most audacious and widely read...",Richard Dawkins,Richard Dawkins,,,,,13h 53m,,,,,,,,,,,,,,,,true,B00YD7HKEK,,,,,https://audible.com/pd/B00YD7HKEK?ipRedirectOverride=true&overrideBaseCountry=true,,https://www.audible.com/webplayer?asin=B00YD7HKEK,https://m.media-amazon.com/images/I/61dEX3l-XPL._SL500_.jpg,https://www.goodreads.com/search?q=Richard%20Dawkins%20-%20Brief%20Candle%20in%20the%20Dark%3A%20My%20Life%20in%20Science,,,,true
Main,41,Complications: A Surgeon's Notes on an Imperfect Science,Complications: A Surgeon's Notes on an Imperfect Science,,,"A brilliant and courageous doctor reveals, in gripping accounts of true cases, the power and limits of modern medicine. Sometimes in medicine the only way to know what is truly going on in a patient is to operate, to look inside with one's own eyes. This audio is exploratory surgery on medicine...",Atul Gawande,William David Griffith,,,,,7h 48m,,,,,,,,,,,,,,,,true,B002UZDRIU,,,,,https://audible.com/pd/B002UZDRIU?ipRedirectOverride=true&overrideBaseCountry=true,,https://www.audible.com/webplayer?asin=B002UZDRIU,https://m.media-amazon.com/images/I/514APS344BL._SL500_.jpg,https://www.goodreads.com/search?q=Atul%20Gawande%20-%20Complications%3A%20A%20Surgeon's%20Notes%20on%20an%20Imperfect%20Science,,,,true
Main,40,Thomas Paine's Rights of Man: A Biography: Books That Changed the World,Thomas Paine's Rights of Man: A Biography: Books That Changed the World,Books That Changed the World,∞,"Thomas Paine was one of the greatest political propagandists in history. The Rights of Man, first published in 1791, is the key to his reputation. Inspired by his outrage at Edmund Burke's attack on the uprising of the French people, Paine's text is a passionate defense of the rights of man...",Christopher Hitchens,Simon Vance,,,,,3h 36m,,,,,,,,,,,,,,,,true,B002VA9PVC,,,,,https://audible.com/pd/B002VA9PVC?ipRedirectOverride=true&overrideBaseCountry=true,,https://www.audible.com/webplayer?asin=B002VA9PVC,https://m.media-amazon.com/images/I/51GfS+Oha5L._SL500_.jpg,https://www.goodreads.com/search?q=Christopher%20Hitchens%20-%20Thomas%20Paine's%20Rights%20of%20Man%3A%20A%20Biography%3A%20Books%20That%20Changed%20the%20World,__WISHLIST,,,true
Main,39,Brideshead Revisited,Brideshead Revisited,,,"The inspiration for a major film releasing 2008 starring Emma Thompson and Michael Gambon. A study of faith and disillusionment in a glamorous upper-class world, Waugh’s most famous novel is partly autobiographical and is a gripping multi-character-study...",Evelyn Waugh,Jeremy Northam,,,,,5h 15m,,,,,,,,,,,,,,,true,true,B003K1Y36I,,,,,https://audible.com/pd/B003K1Y36I?ipRedirectOverride=true&overrideBaseCountry=true,,https://www.audible.com/webplayer?asin=B003K1Y36I,https://m.media-amazon.com/images/I/51+oR2Y8SnL._SL500_.jpg,https://www.goodreads.com/search?q=Evelyn%20Waugh%20-%20Brideshead%20Revisited,,,,true
Main,38,On Anarchism,On Anarchism,,,"In these essays, Chomsky redeems one of the most maligned ideologies, anarchism, and places it at the foundation of his political thinking....","Noam Chomsky, Nathan Schneider - introduction",Eric Jason Martin,,,,,,Finished,,,5,,,,,,,,,,,,true,B00IA9XRVM,,,,,https://audible.com/pd/B00IA9XRVM?ipRedirectOverride=true&overrideBaseCountry=true,,https://www.audible.com/webplayer?asin=B00IA9XRVM,https://m.media-amazon.com/images/I/61ouvSNCgTL._SL500_.jpg,https://www.goodreads.com/search?q=Noam%20Chomsky%20-%20On%20Anarchism,,,,true
Main,37,Between the World and Me,Between the World and Me,,,#1 NEW YORK TIMES BESTSELLER NATIONAL BOOK AWARD WINNER NAMED ONE OF TIME’S TEN BEST NONFICTION BOOKS OF THE DECADE PULITZER PRIZE FINALIST NATIONAL BOOK CRITICS CIRCLE AWARD FINALIST ONE OF OPRAH’S “BOOKS THAT HELP ME THROUGH” NOW AN HBO ORIGINAL SPECIAL EVENT...,Ta-Nehisi Coates,Ta-Nehisi Coates,,,,,,3h 22m left,,,,,,,,,,,,,,,true,B010N1IC5A,,,,,https://audible.com/pd/B010N1IC5A?ipRedirectOverride=true&overrideBaseCountry=true,,https://www.audible.com/webplayer?asin=B010N1IC5A,https://m.media-amazon.com/images/I/51QhE9y1L1L._SL500_.jpg,https://www.goodreads.com/search?q=Ta-Nehisi%20Coates%20-%20Between%20the%20World%20and%20Me,,,,true
Main,36,The Martian,The Martian,,,"Six days ago, astronaut Mark Watney became one of the first people to walk on Mars....",Andy Weir,R. C. Bray,,,,,,9h 34m left,,,,,,,,,,,,,,true,true,B00B5HZGUG,,,,,https://audible.com/pd/B00B5HZGUG?ipRedirectOverride=true&overrideBaseCountry=true,,https://www.audible.com/webplayer?asin=B00B5HZGUG,https://m.media-amazon.com/images/I/51Lr5rAN6cL._SL500_.jpg,https://www.goodreads.com/search?q=Andy%20Weir%20-%20The%20Martian,,,,true
Main,35,The Trial of Henry Kissinger,The Trial of Henry Kissinger,,,"""If the courts and lawyers of this country will not do their duty, we shall watch as the victims and survivors of this man pursue justice and vindication in their own dignified and painstaking way, and at their own expense, and we shall be put to shame."" Forget Pinochet, Milosevic, Hussein, Kim...","Christopher Hitchens, Ariel Dorfman - introduction",Simon Prebble,,,,,6h 16m,,,,,,,,,,,,,,,,true,B007KSUJ2O,,,,,https://audible.com/pd/B007KSUJ2O?ipRedirectOverride=true&overrideBaseCountry=true,,https://www.audible.com/webplayer?asin=B007KSUJ2O,https://m.media-amazon.com/images/I/51HHD4nfSDL._SL500_.jpg,https://www.goodreads.com/search?q=Christopher%20Hitchens%20-%20The%20Trial%20of%20Henry%20Kissinger,,,,true
Main,34,Orientalism,Orientalism,,,"This landmark book, first published in 1978, remains one of the most influential books in the Social Sciences, particularly Ethnic Studies and Postcolonialism....",Edward Said,Peter Ganim,,,,,19h 2m,,,,,,,,,,,,,,,,true,B004H2RFIW,,,,,https://audible.com/pd/B004H2RFIW?ipRedirectOverride=true&overrideBaseCountry=true,,https://www.audible.com/webplayer?asin=B004H2RFIW,https://m.media-amazon.com/images/I/5102tj4vNxL._SL500_.jpg,https://www.goodreads.com/search?q=Edward%20Said%20-%20Orientalism,,,,true
Main,33,Heretic: Why Islam Needs a Reformation Now,Heretic: Why Islam Needs a Reformation Now,,,"Continuing her journey from a deeply religious Islamic upbringing to a post at Harvard, the brilliant, charismatic and controversial New York Times and Globe and Mail #1 bestselling author of Infidel and Nomad makes a powerful plea for a Muslim Reformation as the only way to end the horrors of...",Ayaan Hirsi Ali,Ayaan Hirsi Ali,,,,,8h 56m,,,,,,,,,,,,,,,,true,B00S8S8TCW,,,,,https://audible.com/pd/B00S8S8TCW?ipRedirectOverride=true&overrideBaseCountry=true,,https://www.audible.com/webplayer?asin=B00S8S8TCW,https://m.media-amazon.com/images/I/51QY9pr9DqL._SL500_.jpg,https://www.goodreads.com/search?q=Ayaan%20Hirsi%20Ali%20-%20Heretic%3A%20Why%20Islam%20Needs%20a%20Reformation%20Now,,,,true
Main,32,In the Realm of Hungry Ghosts: Close Encounters with Addiction,In the Realm of Hungry Ghosts: Close Encounters with Addiction,,,"Best-selling writer and physician Gabor Maté looks at the epidemic of addictions in our society, tells us why we are so prone to them, and details what is needed to liberate ourselves....",Gabor Maté,Daniel Maté,,,,,15h 45m,,,,,,,,,,,,,,,true,true,B005FMRX94,,,,,https://audible.com/pd/B005FMRX94?ipRedirectOverride=true&overrideBaseCountry=true,,https://www.audible.com/webplayer?asin=B005FMRX94,https://m.media-amazon.com/images/I/51hWZ1UdF9L._SL500_.jpg,https://www.goodreads.com/search?q=Gabor%20Mat%C3%A9%20-%20In%20the%20Realm%20of%20Hungry%20Ghosts%3A%20Close%20Encounters%20with%20Addiction,,,,true
Main,31,"Why Zebras Don't Get Ulcers: The Acclaimed Guide to Stress, Stress-Related Diseases, and Coping - Now Revised and Updated","Why Zebras Don't Get Ulcers: The Acclaimed Guide to Stress, Stress-Related Diseases, and Coping - Now Revised and Updated",,,"Now in a third edition, Robert M. Sapolsky's acclaimed and successful Why Zebras Don't Get Ulcers features new chapters on how stress affects sleep and addiction, as well as new insights into anxiety and personality disorder and the impact of spirituality on managing stress. As Sapolsky explains...",Robert Sapolsky,Peter Berkrot,,,,,17h 16m,,,,,,,,,,,,,,,,true,B00ATSFD9G,,,,,https://audible.com/pd/B00ATSFD9G?ipRedirectOverride=true&overrideBaseCountry=true,,https://www.audible.com/webplayer?asin=B00ATSFD9G,https://m.media-amazon.com/images/I/51cwqZW+uJL._SL500_.jpg,https://www.goodreads.com/search?q=Robert%20Sapolsky%20-%20Why%20Zebras%20Don't%20Get%20Ulcers%3A%20The%20Acclaimed%20Guide%20to%20Stress%2C%20Stress-Related%20Diseases%2C%20and%20Coping%20-%20Now%20Revised%20and%20Updated,,,,true
Main,30,A Primate's Memoir: A Neuroscientist’s Unconventional Life Among the Baboons,A Primate's Memoir: A Neuroscientist’s Unconventional Life Among the Baboons,,,"""I had never planned to become a savanna baboon when I grew up; instead, I had always assumed I would become a mountain gorilla,"" writes Robert Sapolsky in this witty and riveting chronicle of a scientist's coming-of-age in remote Africa. An exhilarating account of Sapolsky's twenty-one-year...",Robert Sapolsky,Mike Chamberlain,,,,,,10h 47m left,,,,,,,,,,,,,,,true,B00H3OUGE6,,,,,https://audible.com/pd/B00H3OUGE6?ipRedirectOverride=true&overrideBaseCountry=true,,https://www.audible.com/webplayer?asin=B00H3OUGE6,https://m.media-amazon.com/images/I/61QQQicz2-L._SL500_.jpg,https://www.goodreads.com/search?q=Robert%20Sapolsky%20-%20A%20Primate's%20Memoir%3A%20A%20Neuroscientist%E2%80%99s%20Unconventional%20Life%20Among%20the%20Baboons,,,,true
Main,29,"Rendezvous with Rama: Rama Series, Book 1","Rendezvous with Rama: Rama Series, Book 1",Rama (book 1),1,"At first, only a few things are known about the celestial object that astronomers dub Rama....",Arthur C. Clarke,Toby Longworth,,,,,,6h 23m left,,,,,,,,,,,,,,,true,B00H2VQXN8,,,,,https://audible.com/pd/B00H2VQXN8?ipRedirectOverride=true&overrideBaseCountry=true,,https://www.audible.com/webplayer?asin=B00H2VQXN8,https://m.media-amazon.com/images/I/413iYQclWBL._SL500_.jpg,https://www.goodreads.com/search?q=Arthur%20C.%20Clarke%20-%20Rendezvous%20with%20Rama%3A%20Rama%20Series%2C%20Book%201,,,,true
Main,28,"Blood, Class, and Empire: The Enduring Anglo-American Relationship","Blood, Class, and Empire: The Enduring Anglo-American Relationship",,,Since the end of the Cold War so-called experts have been predicting the eclipse of America's 'special relationship' with Britain....,Christopher Hitchens,Anthony May,,,,,15h 7m,,,,4,,,,,,,,,,,,true,B00AEB2TKO,,,,,https://audible.com/pd/B00AEB2TKO?ipRedirectOverride=true&overrideBaseCountry=true,,https://www.audible.com/webplayer?asin=B00AEB2TKO,https://m.media-amazon.com/images/I/513pD8IIEdL._SL500_.jpg,https://www.goodreads.com/search?q=Christopher%20Hitchens%20-%20Blood%2C%20Class%2C%20and%20Empire%3A%20The%20Enduring%20Anglo-American%20Relationship,,,,true
Main,27,The Missionary Position: Mother Teresa in Theory and Practice,The Missionary Position: Mother Teresa in Theory and Practice,,,Christopher Hitchens's meticulous study of the life and deeds of Mother Teresa....,"Christopher Hitchens, Thomas Mallon - foreword",Simon Prebble,,,,,2h 11m,,,,,,,,,,,,,,,,true,B009ZHZZHC,,,,,https://audible.com/pd/B009ZHZZHC?ipRedirectOverride=true&overrideBaseCountry=true,,https://www.audible.com/webplayer?asin=B009ZHZZHC,https://m.media-amazon.com/images/I/51nJuOoRrNL._SL500_.jpg,https://www.goodreads.com/search?q=Christopher%20Hitchens%20-%20The%20Missionary%20Position%3A%20Mother%20Teresa%20in%20Theory%20and%20Practice,,,,true
Main,26,The Half Has Never Been Told: Slavery and the Making of American Capitalism,The Half Has Never Been Told: Slavery and the Making of American Capitalism,,,"In The Half Has Never Been Told, historian Edward E. Baptist reveals the alarming extent to which slavery shaped our country politically, morally, and most of all, economically. Until the Civil War, our chief form of innovation was slavery. Through forced migration and torture, slave owners...",Edward E. Baptist,Ron Butler,,,,,19h 47m,,,,5,,,,,,,,,,,true,true,B00N22R9P2,,,,,https://audible.com/pd/B00N22R9P2?ipRedirectOverride=true&overrideBaseCountry=true,,https://www.audible.com/webplayer?asin=B00N22R9P2,https://m.media-amazon.com/images/I/51A-MlRHltL._SL500_.jpg,https://www.goodreads.com/search?q=Edward%20E.%20Baptist%20-%20The%20Half%20Has%20Never%20Been%20Told%3A%20Slavery%20and%20the%20Making%20of%20American%20Capitalism,,,,true
Main,25,An Anthropologist on Mars: Seven Paradoxical Tales,An Anthropologist on Mars: Seven Paradoxical Tales,,,"To these seven narratives of neurological disorder Dr. Sacks brings the same humanity, poetic observation, and infectious sense of wonder....",Oliver Sacks,"Jonathan Davis, Oliver Sacks",,,,,11h 42m,,,,4,,,,,,,,,,,,true,B005TKYUGG,,,,,https://audible.com/pd/B005TKYUGG?ipRedirectOverride=true&overrideBaseCountry=true,,https://www.audible.com/webplayer?asin=B005TKYUGG,https://m.media-amazon.com/images/I/51D2LRxDchL._SL500_.jpg,https://www.goodreads.com/search?q=Oliver%20Sacks%20-%20An%20Anthropologist%20on%20Mars%3A%20Seven%20Paradoxical%20Tales,,,,true
Main,24,How the Mind Works,How the Mind Works,,,"In this delightful, acclaimed best seller, one of the world’s leading cognitive scientists tackles the workings of the human mind. What makes us rational—and why are we so often irrational? How do we see in three dimensions? What makes us happy, afraid, angry, disgusted, or sexually aroused?...",Steven Pinker,Mel Foster,,,,,26h 5m,,,,5,,,,,,,,,,,,true,B0064DWG4K,,,,,https://audible.com/pd/B0064DWG4K?ipRedirectOverride=true&overrideBaseCountry=true,,https://www.audible.com/webplayer?asin=B0064DWG4K,https://m.media-amazon.com/images/I/51UKN37GEtL._SL500_.jpg,https://www.goodreads.com/search?q=Steven%20Pinker%20-%20How%20the%20Mind%20Works,,,,true
Main,23,"Without You, There Is No Us: My Time with the Sons of North Korea's Elite","Without You, There Is No Us: My Time with the Sons of North Korea's Elite",,,"A haunting account of teaching English to the sons of North Korea's ruling class during the last six months of Kim Jong-il's reign Every day, three times a day, the students march in two straight lines, singing praises to Kim Jong-il and North Korea: Without you, there is no motherland. Without...",Suki Kim,Janet Song,,,,,8h 34m,,,,,,,,,,,,,,,,true,B00O4F631W,,,,,https://audible.com/pd/B00O4F631W?ipRedirectOverride=true&overrideBaseCountry=true,,https://www.audible.com/webplayer?asin=B00O4F631W,https://m.media-amazon.com/images/I/61atE-g1skL._SL500_.jpg,https://www.goodreads.com/search?q=Suki%20Kim%20-%20Without%20You%2C%20There%20Is%20No%20Us%3A%20My%20Time%20with%20the%20Sons%20of%20North%20Korea's%20Elite,,,,true
Main,22,What Will Survive,What Will Survive,,,July 1997: Lebanon makes a rare appearance in the British headlines....,Joan Smith,Eila Ulyett,,,,,10h 16m,,,,,,,,,,,,,,,true,true,B00CLUOAJE,,,,,https://audible.com/pd/B00CLUOAJE?ipRedirectOverride=true&overrideBaseCountry=true,,https://www.audible.com/webplayer?asin=B00CLUOAJE,https://m.media-amazon.com/images/I/512rCr9MK6L._SL500_.jpg,https://www.goodreads.com/search?q=Joan%20Smith%20-%20What%20Will%20Survive,,,,true
Main,21,Fundamental Principles of the Metaphysics of Morals,Fundamental Principles of the Metaphysics of Morals,,,"Immanuel Kant's Fundamental Principles of the Metaphysics of Morals, lays out Kant's essential philosophy....","Immanuel Kant, Thomas Kingsmill Abbott - translator",John Lee,,,,,3h 20m,,,,,,,,,,,,,,,,true,B004XNIBYW,,,,,https://audible.com/pd/B004XNIBYW?ipRedirectOverride=true&overrideBaseCountry=true,,https://www.audible.com/webplayer?asin=B004XNIBYW,https://m.media-amazon.com/images/I/51XLLDaIHML._SL500_.jpg,https://www.goodreads.com/search?q=Immanuel%20Kant%20-%20Fundamental%20Principles%20of%20the%20Metaphysics%20of%20Morals,,,,true
Main,20,36 Arguments for the Existence of God,36 Arguments for the Existence of God,,,"After Cass Seltzers book becomes a surprise best seller, he's dubbed the atheist with a soul and becomes a celebrity....",Rebecca Newberger Goldstein,"Steven Pinker, Oliver Wyman",,,,,15h 33m,,,,,,,,,,,,,,,,true,B004A8QZDO,,,,,https://audible.com/pd/B004A8QZDO?ipRedirectOverride=true&overrideBaseCountry=true,,https://www.audible.com/webplayer?asin=B004A8QZDO,https://m.media-amazon.com/images/I/51+2RIHKYZL._SL500_.jpg,https://www.goodreads.com/search?q=Rebecca%20Newberger%20Goldstein%20-%2036%20Arguments%20for%20the%20Existence%20of%20God,,,,true
Main,19,A Young People's History of the United States,A Young People's History of the United States,,,"This audiobook brings to US history the viewpoints of workers, slaves, immigrants, women, Native Americans, and others whose stories, and their impact, are rarely included in stories for young people....","Rebecca Stefoff, Howard Zinn",Jeff Zinn,,,,,7h 46m,,,,,,,,,,,,,,,,true,B00IKUFKXE,,,,,https://audible.com/pd/B00IKUFKXE?ipRedirectOverride=true&overrideBaseCountry=true,,https://www.audible.com/webplayer?asin=B00IKUFKXE,https://m.media-amazon.com/images/I/519pTfRYiML._SL500_.jpg,https://www.goodreads.com/search?q=Rebecca%20Stefoff%20-%20A%20Young%20People's%20History%20of%20the%20United%20States,,,,true
Main,18,The World as I See It,The World as I See It,,,"A fascinating collection of Einstein’s observations about life, religion, nationalism, and a host of personal topics that engaged the genius’ intellect....","Albert Einstein, Neil Berger - introduction",Henry Leyva,,,,,3h 30m,,,,,,,,,,,,,,,true,true,B00CDNXDWY,,,,,https://audible.com/pd/B00CDNXDWY?ipRedirectOverride=true&overrideBaseCountry=true,,https://www.audible.com/webplayer?asin=B00CDNXDWY,https://m.media-amazon.com/images/I/51K9SZiDeLL._SL500_.jpg,https://www.goodreads.com/search?q=Albert%20Einstein%20-%20The%20World%20as%20I%20See%20It,,,,true
Main,17,Gone Girl,Gone Girl,,,THE ADDICTIVE No.1 BESTSELLER AND INTERNATIONAL PHENOMENON OVER 20 MILLION COPIES SOLD WORLDWIDE THE BOOK THAT DEFINES PSYCHOLOGICAL THRILLER Who are you? What have we done to each other? These are the questions Nick Dunne finds himself asking on the morning of his fifth wedding anniversary...,Gillian Flynn,"Julia Whelan, Kirby Heyborne",,,,,19h 57m,,,,,,,,,,,,,,,,true,B0084EM066,,,,,https://audible.com/pd/B0084EM066?ipRedirectOverride=true&overrideBaseCountry=true,,https://www.audible.com/webplayer?asin=B0084EM066,https://m.media-amazon.com/images/I/51PfRR72bJL._SL500_.jpg,https://www.goodreads.com/search?q=Gillian%20Flynn%20-%20Gone%20Girl,,,,true
Main,16,The Picture of Dorian Gray,The Picture of Dorian Gray,,,"Dorian Gray, a handsome and narcissistic young man, lives thoughtlessly for his own pleasure - an attitude encouraged by the company he keeps. One day, after having his portrait painted, Dorian makes a frivolous Faustian wish: that he should always remain as young and beautiful as he is in that...",Oscar Wilde,Simon Vance,,,,,7h 44m,,,,,,,,,,,,,,,,true,B002VAEOY0,,,,,https://audible.com/pd/B002VAEOY0?ipRedirectOverride=true&overrideBaseCountry=true,,https://www.audible.com/webplayer?asin=B002VAEOY0,https://m.media-amazon.com/images/I/51MuMa5JaRL._SL500_.jpg,https://www.goodreads.com/search?q=Oscar%20Wilde%20-%20The%20Picture%20of%20Dorian%20Gray,,,,true
Main,15,The Beauty Myth: How Images of Beauty Are Used Against Women,The Beauty Myth: How Images of Beauty Are Used Against Women,,,The bestselling classic that redefined our view of the relationship between beauty and female identity....,Naomi Wolf,Suzy Jackson,,,,,13h 23m,,,,,,,,,,,,,,,,true,B00BQ36VOY,,,,,https://audible.com/pd/B00BQ36VOY?ipRedirectOverride=true&overrideBaseCountry=true,,https://www.audible.com/webplayer?asin=B00BQ36VOY,https://m.media-amazon.com/images/I/51k-iDM5BML._SL500_.jpg,https://www.goodreads.com/search?q=Naomi%20Wolf%20-%20The%20Beauty%20Myth%3A%20How%20Images%20of%20Beauty%20Are%20Used%20Against%20Women,,,,true
Main,14,Exclusive Interview: James Atlas with Naomi Wolf on Betty Friedan,Exclusive Interview: James Atlas with Naomi Wolf on Betty Friedan,,,James Atlas interviews Naomi Wolf about the life and work of Betty Friedan....,Naomi Wolf,James Atlas,,,,,15m,,,,,,,,,,,,,,,true,true,B002V8KYAU,,,,,https://audible.com/pd/B002V8KYAU?ipRedirectOverride=true&overrideBaseCountry=true,,https://www.audible.com/webplayer?asin=B002V8KYAU,https://m.media-amazon.com/images/I/51KOq25TPNL._SL500_.jpg,https://www.goodreads.com/search?q=Naomi%20Wolf%20-%20Exclusive%20Interview%3A%20James%20Atlas%20with%20Naomi%20Wolf%20on%20Betty%20Friedan,,,,true
Main,13,"Hitchhiker's Guide to the Galaxy: the comedy sci-fi classic, read by Stephen Fry","Hitchhiker's Guide to the Galaxy: the comedy sci-fi classic, read by Stephen Fry",Hitchhiker's Guide to the Galaxy (book 1),1,"The comedy sci-fi classic, read by Stephen Fry. The intergalactic adventures of Arthur Dent begin in the first volume of the 'trilogy of five', Douglas Adams' comedy sci-fi classic The Hitchhiker's Guide to the Galaxy. 'By turns authoritative as the narrator, bemused as Arthur Dent, deadpan as...",Douglas Adams,Stephen Fry,,,,,5h 51m,,,,,,,,,,,,,,,,true,B0093PY9KK,,,,,https://audible.com/pd/B0093PY9KK?ipRedirectOverride=true&overrideBaseCountry=true,,https://www.audible.com/webplayer?asin=B0093PY9KK,https://m.media-amazon.com/images/I/51gSJR1+82L._SL500_.jpg,https://www.goodreads.com/search?q=Douglas%20Adams%20-%20Hitchhiker's%20Guide%20to%20the%20Galaxy%3A%20the%20comedy%20sci-fi%20classic%2C%20read%20by%20Stephen%20Fry,,,,true
Main,12,To the Lighthouse,To the Lighthouse,,,To the Lighthouse is a landmark work of English fiction....,Virginia Woolf,Juliet Stevenson,,,,,7h 38m,,,,,,,,,,,,,,,,true,B002V5CWVC,,,,,https://audible.com/pd/B002V5CWVC?ipRedirectOverride=true&overrideBaseCountry=true,,https://www.audible.com/webplayer?asin=B002V5CWVC,https://m.media-amazon.com/images/I/51JUMaHSLQL._SL500_.jpg,https://www.goodreads.com/search?q=Virginia%20Woolf%20-%20To%20the%20Lighthouse,,,,true
Main,11,The Essential Chomsky,The Essential Chomsky,,,"In a single volume, the seminal writings of the world's leading philosopher, linguist, and critic, published to coincide with his 80th birthday....","Noam Chomsky, Anthony Arnove - editor",Kevin Stillwell,,,,,,2h 14m left,,,,,,,,,,,,,,,true,B00IGBWEPY,,,,,https://audible.com/pd/B00IGBWEPY?ipRedirectOverride=true&overrideBaseCountry=true,,https://www.audible.com/webplayer?asin=B00IGBWEPY,https://m.media-amazon.com/images/I/512xPH2qQCL._SL500_.jpg,https://www.goodreads.com/search?q=Noam%20Chomsky%20-%20The%20Essential%20Chomsky,,,,true
Main,10,The Feminine Mystique,The Feminine Mystique,,,The book that changed the consciousness of a country - and the world....,Betty Friedan,Parker Posey,,,,,15h 41m,,,,,,,,,,,,,,,,true,B002V8OGIG,,,,,https://audible.com/pd/B002V8OGIG?ipRedirectOverride=true&overrideBaseCountry=true,,https://www.audible.com/webplayer?asin=B002V8OGIG,https://m.media-amazon.com/images/I/51YAtV5y1PL._SL500_.jpg,https://www.goodreads.com/search?q=Betty%20Friedan%20-%20The%20Feminine%20Mystique,,,,true
Main,9,Failed States: A Lecture,Failed States: A Lecture,,,"Noam Chomsky talks about his book Failed States: The Abuse of Power and the Assault on Democracy at the United States Military Academy in West Point, New York....",Noam Chomsky,Noam Chomsky,,,,,56m,,,,,,,,,,,,,,,true,true,B002V1ADU8,,,,,https://audible.com/pd/B002V1ADU8?ipRedirectOverride=true&overrideBaseCountry=true,,https://www.audible.com/webplayer?asin=B002V1ADU8,https://m.media-amazon.com/images/I/419iIwcHfmL._SL500_.jpg,https://www.goodreads.com/search?q=Noam%20Chomsky%20-%20Failed%20States%3A%20A%20Lecture,,,,true
Main,8,No One Left to Lie To: The Triangulations of William Jefferson Clinton,No One Left to Lie To: The Triangulations of William Jefferson Clinton,,,"A New York Times best seller, Christopher Hitchens casts an unflinching eye on the Clinton political machine....","Christopher Hitchens, Douglas Brinkley - foreword",Simon Prebble,,,,,4h 52m,,,,,,,,,,,,,,,,true,B009ZI02S8,,,,,https://audible.com/pd/B009ZI02S8?ipRedirectOverride=true&overrideBaseCountry=true,,https://www.audible.com/webplayer?asin=B009ZI02S8,https://m.media-amazon.com/images/I/51ZIvOX9HEL._SL500_.jpg,https://www.goodreads.com/search?q=Christopher%20Hitchens%20-%20No%20One%20Left%20to%20Lie%20To%3A%20The%20Triangulations%20of%20William%20Jefferson%20Clinton,,,,true
Main,7,Uncle Tungsten: Memories of a Chemical Boyhood,Uncle Tungsten: Memories of a Chemical Boyhood,,,"In this endlessly charming and eloquent memoir, the author chronicles his love affair with science and the magnificently odd and sometimes harrowing childhood in which that love affair unfolded....",Oliver Sacks,Jonathan Davis,,,,,10h 43m,,,,,,,,,,,,,,,,true,B005TKYADY,,,,,https://audible.com/pd/B005TKYADY?ipRedirectOverride=true&overrideBaseCountry=true,,https://www.audible.com/webplayer?asin=B005TKYADY,https://m.media-amazon.com/images/I/51ZTXBIHi4L._SL500_.jpg,https://www.goodreads.com/search?q=Oliver%20Sacks%20-%20Uncle%20Tungsten%3A%20Memories%20of%20a%20Chemical%20Boyhood,,,,true
Main,6,The Language Instinct: How the Mind Creates Language,The Language Instinct: How the Mind Creates Language,,,"In this classic, the world’s expert on language and mind lucidly explains everything you always wanted to know about language: how it works, how children learn it, how it changes, how the brain computes it, and how it evolved. With deft use of examples of humor and wordplay, Steven Pinker...",Steven Pinker,Arthur Morey,,,,,18h 55m,,,,,,,,,,,,,,,,true,B006IA3EGI,,,,,https://audible.com/pd/B006IA3EGI?ipRedirectOverride=true&overrideBaseCountry=true,,https://www.audible.com/webplayer?asin=B006IA3EGI,https://m.media-amazon.com/images/I/51VKXQ2xRdL._SL500_.jpg,https://www.goodreads.com/search?q=Steven%20Pinker%20-%20The%20Language%20Instinct%3A%20How%20the%20Mind%20Creates%20Language,,,,true
Main,5,The Simpsons and Their Mathematical Secrets,The Simpsons and Their Mathematical Secrets,,,"Simon Singh offers fascinating insights into the celebrated television series The Simpsons, how the show drip-feeds number theory into the minds of its viewers....",Simon Singh,William Neenan,,,,,7h 13m,,,,,,,,,,,,,,,true,true,B00FZ1QH4M,,,,,https://audible.com/pd/B00FZ1QH4M?ipRedirectOverride=true&overrideBaseCountry=true,,https://www.audible.com/webplayer?asin=B00FZ1QH4M,https://m.media-amazon.com/images/I/51PuAPHFkiL._SL500_.jpg,https://www.goodreads.com/search?q=Simon%20Singh%20-%20The%20Simpsons%20and%20Their%20Mathematical%20Secrets,,,,true
Main,4,Zen and the Art of Motorcycle Maintenance,Zen and the Art of Motorcycle Maintenance,,,One of the great novels of the 1970s and a multi-million copy best-seller....,Robert M. Pirsig,Michael Kramer,,,,,14h 22m,,,,,,,,,,,,,,,true,true,B00FY52BY4,,,,,https://audible.com/pd/B00FY52BY4?ipRedirectOverride=true&overrideBaseCountry=true,,https://www.audible.com/webplayer?asin=B00FY52BY4,https://m.media-amazon.com/images/I/6109SMXqwrL._SL500_.jpg,https://www.goodreads.com/search?q=Robert%20M.%20Pirsig%20-%20Zen%20and%20the%20Art%20of%20Motorcycle%20Maintenance,,,,true
Main,3,Hitch-22: A Memoir,Hitch-22: A Memoir,,,"Over the course of his 60 years, Christopher Hitchens has been a citizen of both the United States and the United Kingdom....",Christopher Hitchens,Christopher Hitchens,,,,,,41m left,,,,,,,,,,,,,,,true,B006PFYF7S,,,,,https://audible.com/pd/B006PFYF7S?ipRedirectOverride=true&overrideBaseCountry=true,,https://www.audible.com/webplayer?asin=B006PFYF7S,https://m.media-amazon.com/images/I/51knymnBlLL._SL500_.jpg,https://www.goodreads.com/search?q=Christopher%20Hitchens%20-%20Hitch-22%3A%20A%20Memoir,,,,true
Main,2,How to Win Friends & Influence People,How to Win Friends & Influence People,,,"Updated for today’s readers, Dale Carnegie’s timeless bestseller How to Win Friends and Influence People is a classic that has improved and transformed the professional and personal and lives of millions. One of the best-known motivational guides in history, Dale Carnegie’s groundbreaking...",Dale Carnegie,"Andrew Macmillan, Andrew Macmillian",,,,,7h 15m,,,,,,,,,,,,,,,,true,B002V5BV96,,,,,https://audible.com/pd/B002V5BV96?ipRedirectOverride=true&overrideBaseCountry=true,,https://www.audible.com/webplayer?asin=B002V5BV96,https://m.media-amazon.com/images/I/51VX25vAb-L._SL500_.jpg,https://www.goodreads.com/search?q=Dale%20Carnegie%20-%20How%20to%20Win%20Friends%20%26%20Influence%20People,,,,true
Main,1,Letters to a Young Contrarian,Letters to a Young Contrarian,,,"A witty, wise, biting, and completely individual meditation on what it means to think, live, and be to the contrary....",Christopher Hitchens,James Adams,,,,,,2h 7m left,,,,,,,,,,,,,,true,true,B003O64K7G,,,,,https://audible.com/pd/B003O64K7G?ipRedirectOverride=true&overrideBaseCountry=true,,https://www.audible.com/webplayer?asin=B003O64K7G,https://m.media-amazon.com/images/I/412Mkd19cUL._SL500_.jpg,https://www.goodreads.com/search?q=Christopher%20Hitchens%20-%20Letters%20to%20a%20Young%20Contrarian,,,,true
UK,41,3001: The Final Odyssey: A Novel,3001: The Final Odyssey: A Novel,Space Odyssey Series (book 4),4,"In 3001: The Final Odyssey, Arthur C. Clarke brings the greatest and most successful science fiction series of all time to its magnificent, stunningly unforeseen conclusion. As we hurtle toward the new millennium in real time, Clarke brilliantly, daringly leaps one thousand years into the future...",Arthur C. Clarke,Scott Brick,,,,,,Finished,,,5,,,,,,,,,,,,true,B00845T52W,,,,,https://audible.com/pd/B00845T52W?ipRedirectOverride=true&overrideBaseCountry=true,,https://www.audible.com/webplayer?asin=B00845T52W,https://m.media-amazon.com/images/I/51P0REwtUVL._SL500_.jpg,https://www.goodreads.com/search?q=Arthur%20C.%20Clarke%20-%203001%3A%20The%20Final%20Odyssey%3A%20A%20Novel,,,,true
UK,40,Brave New World,Brave New World,,,"Originally published in 1932, this outstanding work of literature is more crucial and relevant today than ever before. “One of the most prophetic dystopian works of the 20th century”—Wall Street Journal Cloning, feel-good drugs, antiaging programs, and total social control through politics...",Aldous Huxley,Michael York,,,,,8h,,,,,,,,,,,,,,,,true,B004EVP6BY,,,,,https://audible.com/pd/B004EVP6BY?ipRedirectOverride=true&overrideBaseCountry=true,,https://www.audible.com/webplayer?asin=B004EVP6BY,https://m.media-amazon.com/images/I/51PpzUbiLeL._SL500_.jpg,https://www.goodreads.com/search?q=Aldous%20Huxley%20-%20Brave%20New%20World,,,,true
UK,39,The Structure of Scientific Revolutions,The Structure of Scientific Revolutions,,,"The Structure of Scientific Revolutions is essential listening for understanding the history, philosophy, and evolution of science....",Thomas S. Kuhn,Dennis Holland,,,,,10h 14m,,,,,,,,,,,,,,,,true,B004EV3GHK,,,,,https://audible.com/pd/B004EV3GHK?ipRedirectOverride=true&overrideBaseCountry=true,,https://www.audible.com/webplayer?asin=B004EV3GHK,https://m.media-amazon.com/images/I/51jkGzij3XL._SL500_.jpg,https://www.goodreads.com/search?q=Thomas%20S.%20Kuhn%20-%20The%20Structure%20of%20Scientific%20Revolutions,,,,true
UK,38,Capital in the Twenty-First Century,Capital in the Twenty-First Century,,,"In Capital in the Twenty-First Century, Thomas Piketty analyzes a unique collection of data from 20 countries, ranging as far back as the 18th century, to uncover key economic and social patterns....","Thomas Piketty, Arthur Goldhammer - translator",L. J. Ganser,,,,,24h 58m,,,,,,,,,,,,,,,,true,B00K33B8FA,,,,,https://audible.com/pd/B00K33B8FA?ipRedirectOverride=true&overrideBaseCountry=true,,https://www.audible.com/webplayer?asin=B00K33B8FA,https://m.media-amazon.com/images/I/41jenCaS2JL._SL500_.jpg,https://www.goodreads.com/search?q=Thomas%20Piketty%20-%20Capital%20in%20the%20Twenty-First%20Century,__WISHLIST,,,true
UK,37,Misbehaving: The Making of Behavioral Economics,Misbehaving: The Making of Behavioral Economics,,,"Richard H. Thaler has spent his career studying the radical notion that the central agents in the economy are humans - predictable, error-prone individuals....",Richard H. Thaler,L. J. Ganser,,,,,13h 35m,,,,,,,,,,,,,,,,true,B00VQTLR60,,,,,https://audible.com/pd/B00VQTLR60?ipRedirectOverride=true&overrideBaseCountry=true,,https://www.audible.com/webplayer?asin=B00VQTLR60,https://m.media-amazon.com/images/I/51LsfuzFU7L._SL500_.jpg,https://www.goodreads.com/search?q=Richard%20H.%20Thaler%20-%20Misbehaving%3A%20The%20Making%20of%20Behavioral%20Economics,,,,true
UK,36,Every Patient Tells A Story: Medical Mysteries and the Art of Diagnosis,Every Patient Tells A Story: Medical Mysteries and the Art of Diagnosis,,,"A riveting exploration of the most difficult and important part of what doctors do, by Yale School of Medicine physician Dr. Lisa Sanders, author of the monthly New York Times Magazine column ""Diagnosis,"" the inspiration for the hit Fox TV series House, M.D. ""The experience of being ill can be...",Lisa Sanders,Lisa Sanders,,,,,10h 9m,,,,,,,,,,,,,,,,true,B004FU67KI,,,,,https://audible.com/pd/B004FU67KI?ipRedirectOverride=true&overrideBaseCountry=true,,https://www.audible.com/webplayer?asin=B004FU67KI,https://m.media-amazon.com/images/I/41I5U6-wsYL._SL500_.jpg,https://www.goodreads.com/search?q=Lisa%20Sanders%20-%20Every%20Patient%20Tells%20A%20Story%3A%20Medical%20Mysteries%20and%20the%20Art%20of%20Diagnosis,,,,true
UK,35,"2001: A Space Odyssey: Space Odyssey, Book 1","2001: A Space Odyssey: Space Odyssey, Book 1",Space Odyssey Series (book 1),1,"It has been more than forty years since the publication of this classic science fiction novel that changed the way we look at the stars and ourselves. From the savannas of Africa at the dawn of mankind to the rings of Saturn as man adventures to the outer rim of our solar system, 2001: A Space...",Arthur C. Clarke,Dick Hill,,,,,6h 42m,,,,,,,,,,,,,,,,true,B004EW2292,,,,,https://audible.com/pd/B004EW2292?ipRedirectOverride=true&overrideBaseCountry=true,,https://www.audible.com/webplayer?asin=B004EW2292,https://m.media-amazon.com/images/I/41Sd-dVwqdL._SL500_.jpg,https://www.goodreads.com/search?q=Arthur%20C.%20Clarke%20-%202001%3A%20A%20Space%20Odyssey%3A%20Space%20Odyssey%2C%20Book%201,,,,true
UK,34,Neanderthal Man: In Search of Lost Genomes,Neanderthal Man: In Search of Lost Genomes,,,"A riveting story about a visionary researcher and the nature of scientific inquiry, Neanderthal Man offers rich insight into the fundamental question of who we are....",Svante Pääbo,Dennis Holland,,,,,10h 36m,,,,,,,,,,,,,,,,true,B00O3Q8ONW,,,,,https://audible.com/pd/B00O3Q8ONW?ipRedirectOverride=true&overrideBaseCountry=true,,https://www.audible.com/webplayer?asin=B00O3Q8ONW,https://m.media-amazon.com/images/I/51qBwUC+IPL._SL500_.jpg,https://www.goodreads.com/search?q=Svante%20P%C3%A4%C3%A4bo%20-%20Neanderthal%20Man%3A%20In%20Search%20of%20Lost%20Genomes,,,,true
UK,33,Letters to a Young Scientist,Letters to a Young Scientist,,,Pulitzer Prize–winning biologist Edward O. Wilson imparts the wisdom of his storied career to the next generation.....,Edward O. Wilxon,Joe Barrett,,,,,,Finished,,,,,,,,,,,,,,,true,B00ESM4GG0,,,,,https://audible.com/pd/B00ESM4GG0?ipRedirectOverride=true&overrideBaseCountry=true,,https://www.audible.com/webplayer?asin=B00ESM4GG0,https://m.media-amazon.com/images/I/61X+QSZxKUL._SL500_.jpg,https://www.goodreads.com/search?q=Edward%20O.%20Wilxon%20-%20Letters%20to%20a%20Young%20Scientist,,,,true
UK,32,Complications: A Surgeon's Notes on an Imperfect Science,Complications: A Surgeon's Notes on an Imperfect Science,,,"A brilliant and courageous doctor reveals, in gripping accounts of true cases, the power and limits of modern medicine. Sometimes in medicine the only way to know what is truly going on in a patient is to operate, to look inside with one's own eyes. This audio is exploratory surgery on medicine...",Atul Gawande,William David Griffith,,,,,7h 48m,,,,,,,,,,,,,,,,true,B004EVP7OA,,,,,https://audible.com/pd/B004EVP7OA?ipRedirectOverride=true&overrideBaseCountry=true,,https://www.audible.com/webplayer?asin=B004EVP7OA,https://m.media-amazon.com/images/I/514APS344BL._SL500_.jpg,https://www.goodreads.com/search?q=Atul%20Gawande%20-%20Complications%3A%20A%20Surgeon's%20Notes%20on%20an%20Imperfect%20Science,,,,true
UK,31,Thomas Paine's Rights of Man: A Biography: Books That Changed the World,Thomas Paine's Rights of Man: A Biography: Books That Changed the World,Books That Changed the World,∞,"Thomas Paine was one of the greatest political propagandists in history. The Rights of Man, first published in 1791, is the key to his reputation. Inspired by his outrage at Edmund Burke's attack on the uprising of the French people, Paine's text is a passionate defense of the rights of man...",Christopher Hitchens,Simon Vance,,,,,3h 36m,,,,,,,,,,,,,,,,true,B004F2C3K4,,,,,https://audible.com/pd/B004F2C3K4?ipRedirectOverride=true&overrideBaseCountry=true,,https://www.audible.com/webplayer?asin=B004F2C3K4,https://m.media-amazon.com/images/I/51GfS+Oha5L._SL500_.jpg,https://www.goodreads.com/search?q=Christopher%20Hitchens%20-%20Thomas%20Paine's%20Rights%20of%20Man%3A%20A%20Biography%3A%20Books%20That%20Changed%20the%20World,__WISHLIST,,,true
UK,30,Brideshead Revisited,Brideshead Revisited,,,"The inspiration for a major film releasing 2008 starring Emma Thompson and Michael Gambon. A study of faith and disillusionment in a glamorous upper-class world, Waugh’s most famous novel is partly autobiographical and is a gripping multi-character-study...",Evelyn Waugh,Jeremy Northam,,,,,5h 15m,,,,,,,,,,,,,,,,true,B004EVX4T0,,,,,https://audible.com/pd/B004EVX4T0?ipRedirectOverride=true&overrideBaseCountry=true,,https://www.audible.com/webplayer?asin=B004EVX4T0,https://m.media-amazon.com/images/I/51+oR2Y8SnL._SL500_.jpg,https://www.goodreads.com/search?q=Evelyn%20Waugh%20-%20Brideshead%20Revisited,,,,true
UK,29,On Anarchism,On Anarchism,,,"In these essays, Chomsky redeems one of the most maligned ideologies, anarchism, and places it at the foundation of his political thinking....","Noam Chomsky, Nathan Schneider - introduction",Eric Jason Martin,,,,,,Finished,,,,,,,,,,,,,,,true,B00IA9ZAF8,,,,,https://audible.com/pd/B00IA9ZAF8?ipRedirectOverride=true&overrideBaseCountry=true,,https://www.audible.com/webplayer?asin=B00IA9ZAF8,https://m.media-amazon.com/images/I/61ouvSNCgTL._SL500_.jpg,https://www.goodreads.com/search?q=Noam%20Chomsky%20-%20On%20Anarchism,,,,true
UK,28,The Martian,The Martian,,,"Six days ago, astronaut Mark Watney became one of the first people to walk on Mars....",Andy Weir,R. C. Bray,,,,,,Finished,,,5,,,,,,,,,,,true,true,B00B5HWE60,,,,,https://audible.com/pd/B00B5HWE60?ipRedirectOverride=true&overrideBaseCountry=true,,https://www.audible.com/webplayer?asin=B00B5HWE60,https://m.media-amazon.com/images/I/51Lr5rAN6cL._SL500_.jpg,https://www.goodreads.com/search?q=Andy%20Weir%20-%20The%20Martian,,,,true
UK,27,Orientalism,Orientalism,,,"This landmark book, first published in 1978, remains one of the most influential books in the Social Sciences, particularly Ethnic Studies and Postcolonialism....",Edward Said,Peter Ganim,,,,,19h 2m,,,,,,,,,,,,,,,,true,B004H2O22E,,,,,https://audible.com/pd/B004H2O22E?ipRedirectOverride=true&overrideBaseCountry=true,,https://www.audible.com/webplayer?asin=B004H2O22E,https://m.media-amazon.com/images/I/5102tj4vNxL._SL500_.jpg,https://www.goodreads.com/search?q=Edward%20Said%20-%20Orientalism,,,,true
UK,26,Heretic: Why Islam Needs a Reformation Now,Heretic: Why Islam Needs a Reformation Now,,,"Continuing her journey from a deeply religious Islamic upbringing to a post at Harvard, the brilliant, charismatic and controversial New York Times and Globe and Mail #1 bestselling author of Infidel and Nomad makes a powerful plea for a Muslim Reformation as the only way to end the horrors of...",Ayaan Hirsi Ali,Ayaan Hirsi Ali,,,,,8h 56m,,,,,,,,,,,,,,,,true,B00UNLHP40,,,,,https://audible.com/pd/B00UNLHP40?ipRedirectOverride=true&overrideBaseCountry=true,,https://www.audible.com/webplayer?asin=B00UNLHP40,https://m.media-amazon.com/images/I/51QY9pr9DqL._SL500_.jpg,https://www.goodreads.com/search?q=Ayaan%20Hirsi%20Ali%20-%20Heretic%3A%20Why%20Islam%20Needs%20a%20Reformation%20Now,,,,true
UK,25,A Primate's Memoir: A Neuroscientist’s Unconventional Life Among the Baboons,A Primate's Memoir: A Neuroscientist’s Unconventional Life Among the Baboons,,,"""I had never planned to become a savanna baboon when I grew up; instead, I had always assumed I would become a mountain gorilla,"" writes Robert Sapolsky in this witty and riveting chronicle of a scientist's coming-of-age in remote Africa. An exhilarating account of Sapolsky's twenty-one-year...",Robert Sapolsky,Mike Chamberlain,,,,,14h 35m,,,,,,,,,,,,,,,true,true,B00H3OZWAY,,,,,https://audible.com/pd/B00H3OZWAY?ipRedirectOverride=true&overrideBaseCountry=true,,https://www.audible.com/webplayer?asin=B00H3OZWAY,https://m.media-amazon.com/images/I/61QQQicz2-L._SL500_.jpg,https://www.goodreads.com/search?q=Robert%20Sapolsky%20-%20A%20Primate's%20Memoir%3A%20A%20Neuroscientist%E2%80%99s%20Unconventional%20Life%20Among%20the%20Baboons,,,,true
UK,24,"Rendezvous with Rama: Rama Series, Book 1","Rendezvous with Rama: Rama Series, Book 1",Rama (book 1),1,"At first, only a few things are known about the celestial object that astronomers dub Rama....",Arthur C. Clarke,Toby Longworth,,,,,7h 21m,,,,,,,,,,,,,,,,true,B00H2VSBVK,,,,,https://audible.com/pd/B00H2VSBVK?ipRedirectOverride=true&overrideBaseCountry=true,,https://www.audible.com/webplayer?asin=B00H2VSBVK,https://m.media-amazon.com/images/I/413iYQclWBL._SL500_.jpg,https://www.goodreads.com/search?q=Arthur%20C.%20Clarke%20-%20Rendezvous%20with%20Rama%3A%20Rama%20Series%2C%20Book%201,,,,true
UK,23,"Without You, There Is No Us: My Time with the Sons of North Korea's Elite","Without You, There Is No Us: My Time with the Sons of North Korea's Elite",,,"A haunting account of teaching English to the sons of North Korea's ruling class during the last six months of Kim Jong-il's reign Every day, three times a day, the students march in two straight lines, singing praises to Kim Jong-il and North Korea: Without you, there is no motherland. Without...",Suki Kim,Janet Song,,,,,8h 34m,,,,,,,,,,,,,,,,true,B00O4FBS44,,,,,https://audible.com/pd/B00O4FBS44?ipRedirectOverride=true&overrideBaseCountry=true,,https://www.audible.com/webplayer?asin=B00O4FBS44,https://m.media-amazon.com/images/I/61atE-g1skL._SL500_.jpg,https://www.goodreads.com/search?q=Suki%20Kim%20-%20Without%20You%2C%20There%20Is%20No%20Us%3A%20My%20Time%20with%20the%20Sons%20of%20North%20Korea's%20Elite,,,,true
UK,22,What Will Survive,What Will Survive,,,July 1997: Lebanon makes a rare appearance in the British headlines....,Joan Smith,Eila Ulyett,,,,,10h 16m,,,,,,,,,,,,,,,true,true,B00CLTU2P6,,,,,https://audible.com/pd/B00CLTU2P6?ipRedirectOverride=true&overrideBaseCountry=true,,https://www.audible.com/webplayer?asin=B00CLTU2P6,https://m.media-amazon.com/images/I/512rCr9MK6L._SL500_.jpg,https://www.goodreads.com/search?q=Joan%20Smith%20-%20What%20Will%20Survive,,,,true
UK,21,Fundamental Principles of the Metaphysics of Morals,Fundamental Principles of the Metaphysics of Morals,,,"Immanuel Kant's Fundamental Principles of the Metaphysics of Morals, lays out Kant's essential philosophy....","Immanuel Kant, Thomas Kingsmill Abbott - translator",John Lee,,,,,3h 20m,,,,,,,,,,,,,,,,true,B004XNHG4I,,,,,https://audible.com/pd/B004XNHG4I?ipRedirectOverride=true&overrideBaseCountry=true,,https://www.audible.com/webplayer?asin=B004XNHG4I,https://m.media-amazon.com/images/I/51XLLDaIHML._SL500_.jpg,https://www.goodreads.com/search?q=Immanuel%20Kant%20-%20Fundamental%20Principles%20of%20the%20Metaphysics%20of%20Morals,,,,true
UK,20,36 Arguments for the Existence of God,36 Arguments for the Existence of God,,,"After Cass Seltzers book becomes a surprise best seller, he's dubbed the atheist with a soul and becomes a celebrity....",Rebecca Newberger Goldstein,"Steven Pinker, Oliver Wyman",,,,,15h 33m,,,,,,,,,,,,,,,,true,B004FT6RVS,,,,,https://audible.com/pd/B004FT6RVS?ipRedirectOverride=true&overrideBaseCountry=true,,https://www.audible.com/webplayer?asin=B004FT6RVS,https://m.media-amazon.com/images/I/51+2RIHKYZL._SL500_.jpg,https://www.goodreads.com/search?q=Rebecca%20Newberger%20Goldstein%20-%2036%20Arguments%20for%20the%20Existence%20of%20God,,,,true
UK,19,A Young People's History of the United States,A Young People's History of the United States,,,"This audiobook brings to US history the viewpoints of workers, slaves, immigrants, women, Native Americans, and others whose stories, and their impact, are rarely included in stories for young people....","Rebecca Stefoff, Howard Zinn",Jeff Zinn,,,,,7h 46m,,,,,,,,,,,,,,,,true,B00IKUAVBK,,,,,https://audible.com/pd/B00IKUAVBK?ipRedirectOverride=true&overrideBaseCountry=true,,https://www.audible.com/webplayer?asin=B00IKUAVBK,https://m.media-amazon.com/images/I/519pTfRYiML._SL500_.jpg,https://www.goodreads.com/search?q=Rebecca%20Stefoff%20-%20A%20Young%20People's%20History%20of%20the%20United%20States,,,,true
UK,18,The World as I See It,The World as I See It,,,"A fascinating collection of Einstein’s observations about life, religion, nationalism, and a host of personal topics that engaged the genius’ intellect....","Albert Einstein, Neil Berger - introduction",Henry Leyva,,,,,,Finished,,,5,,,,,,,,,,,true,true,B00CDNV6H8,,,,,https://audible.com/pd/B00CDNV6H8?ipRedirectOverride=true&overrideBaseCountry=true,,https://www.audible.com/webplayer?asin=B00CDNV6H8,https://m.media-amazon.com/images/I/51K9SZiDeLL._SL500_.jpg,https://www.goodreads.com/search?q=Albert%20Einstein%20-%20The%20World%20as%20I%20See%20It,,,,true
UK,17,Gone Girl,Gone Girl,,,THE ADDICTIVE No.1 BESTSELLER AND INTERNATIONAL PHENOMENON OVER 20 MILLION COPIES SOLD WORLDWIDE THE BOOK THAT DEFINES PSYCHOLOGICAL THRILLER Who are you? What have we done to each other? These are the questions Nick Dunne finds himself asking on the morning of his fifth wedding anniversary...,Gillian Flynn,"Julia Whelan, Kirby Heyborne",,,,,19h 57m,,,,,,,,,,,,,,,,true,B0084EMLR4,,,,,https://audible.com/pd/B0084EMLR4?ipRedirectOverride=true&overrideBaseCountry=true,,https://www.audible.com/webplayer?asin=B0084EMLR4,https://m.media-amazon.com/images/I/51PfRR72bJL._SL500_.jpg,https://www.goodreads.com/search?q=Gillian%20Flynn%20-%20Gone%20Girl,,,,true
UK,16,The Picture of Dorian Gray,The Picture of Dorian Gray,,,"Dorian Gray, a handsome and narcissistic young man, lives thoughtlessly for his own pleasure - an attitude encouraged by the company he keeps....",Oscar Wilde,Simon Vance,,,,,7h 44m,,,,,,,,,,,,,,,,true,B004EVOXQS,,,,,https://audible.com/pd/B004EVOXQS?ipRedirectOverride=true&overrideBaseCountry=true,,https://www.audible.com/webplayer?asin=B004EVOXQS,https://m.media-amazon.com/images/I/51MuMa5JaRL._SL500_.jpg,https://www.goodreads.com/search?q=Oscar%20Wilde%20-%20The%20Picture%20of%20Dorian%20Gray,,,,true
UK,15,The Beauty Myth: How Images of Beauty Are Used Against Women,The Beauty Myth: How Images of Beauty Are Used Against Women,,,The bestselling classic that redefined our view of the relationship between beauty and female identity....,Naomi Wolf,Suzy Jackson,,,,,13h 23m,,,,5,,,,,,,,,,,,true,B00BQ36VEY,,,,,https://audible.com/pd/B00BQ36VEY?ipRedirectOverride=true&overrideBaseCountry=true,,https://www.audible.com/webplayer?asin=B00BQ36VEY,https://m.media-amazon.com/images/I/51k-iDM5BML._SL500_.jpg,https://www.goodreads.com/search?q=Naomi%20Wolf%20-%20The%20Beauty%20Myth%3A%20How%20Images%20of%20Beauty%20Are%20Used%20Against%20Women,,,,true
UK,14,Exclusive Interview: James Atlas with Naomi Wolf on Betty Friedan,Exclusive Interview: James Atlas with Naomi Wolf on Betty Friedan,,,James Atlas interviews Naomi Wolf about the life and work of Betty Friedan....,Naomi Wolf,James Atlas,,,,,15m,,,,3,,,,,,,,,,,true,true,B004F3J3JC,,,,,https://audible.com/pd/B004F3J3JC?ipRedirectOverride=true&overrideBaseCountry=true,,https://www.audible.com/webplayer?asin=B004F3J3JC,https://m.media-amazon.com/images/I/51KOq25TPNL._SL500_.jpg,https://www.goodreads.com/search?q=Naomi%20Wolf%20-%20Exclusive%20Interview%3A%20James%20Atlas%20with%20Naomi%20Wolf%20on%20Betty%20Friedan,,,,true
UK,13,"Hitchhiker's Guide to the Galaxy: the comedy sci-fi classic, read by Stephen Fry","Hitchhiker's Guide to the Galaxy: the comedy sci-fi classic, read by Stephen Fry",The Hitchhiker's Guide to the Galaxy (book 1),1,"The comedy sci-fi classic, read by Stephen Fry. The intergalactic adventures of Arthur Dent begin in the first volume of the 'trilogy of five', Douglas Adams' comedy sci-fi classic The Hitchhiker's Guide to the Galaxy. 'By turns authoritative as the narrator, bemused as Arthur Dent, deadpan as...",Douglas Adams,Stephen Fry,,,,,5h 51m,,,,4,,,,,,,,,,,,true,B0093Q1NFS,,,,,https://audible.com/pd/B0093Q1NFS?ipRedirectOverride=true&overrideBaseCountry=true,,https://www.audible.com/webplayer?asin=B0093Q1NFS,https://m.media-amazon.com/images/I/51gSJR1+82L._SL500_.jpg,https://www.goodreads.com/search?q=Douglas%20Adams%20-%20Hitchhiker's%20Guide%20to%20the%20Galaxy%3A%20the%20comedy%20sci-fi%20classic%2C%20read%20by%20Stephen%20Fry,,,,true
UK,12,To the Lighthouse,To the Lighthouse,,,To the Lighthouse is a landmark work of English fiction....,Virginia Woolf,Juliet Stevenson,,,,,7h 38m,,,,,,,,,,,,,,,,true,B004EX0AUY,,,,,https://audible.com/pd/B004EX0AUY?ipRedirectOverride=true&overrideBaseCountry=true,,https://www.audible.com/webplayer?asin=B004EX0AUY,https://m.media-amazon.com/images/I/51JUMaHSLQL._SL500_.jpg,https://www.goodreads.com/search?q=Virginia%20Woolf%20-%20To%20the%20Lighthouse,,,,true
UK,11,The Essential Chomsky,The Essential Chomsky,,,"In a single volume, the seminal writings of the world's leading philosopher, linguist, and critic, published to coincide with his 80th birthday....","Noam Chomsky, Anthony Arnove - editor",Kevin Stillwell,,,,,22h 25m,,,,5,,,,,,,,,,,,true,B00IGC8QOG,,,,,https://audible.com/pd/B00IGC8QOG?ipRedirectOverride=true&overrideBaseCountry=true,,https://www.audible.com/webplayer?asin=B00IGC8QOG,https://m.media-amazon.com/images/I/512xPH2qQCL._SL500_.jpg,https://www.goodreads.com/search?q=Noam%20Chomsky%20-%20The%20Essential%20Chomsky,,,,true
UK,10,The Feminine Mystique,The Feminine Mystique,,,The book that changed the consciousness of a country - and the world....,Betty Friedan,Parker Posey,,,,,15h 41m,,,,5,,,,,,,,,,,true,true,B004EV330K,,,,,https://audible.com/pd/B004EV330K?ipRedirectOverride=true&overrideBaseCountry=true,,https://www.audible.com/webplayer?asin=B004EV330K,https://m.media-amazon.com/images/I/51YAtV5y1PL._SL500_.jpg,https://www.goodreads.com/search?q=Betty%20Friedan%20-%20The%20Feminine%20Mystique,,,,true
UK,9,Failed States: A Lecture,Failed States: A Lecture,,,"Noam Chomsky talks about his book Failed States: The Abuse of Power and the Assault on Democracy at the United States Military Academy in West Point, New York....",Noam Chomsky,Noam Chomsky,,,,,56m,,,,2,,,,,,,,,,,true,true,B004F492U6,,,,,https://audible.com/pd/B004F492U6?ipRedirectOverride=true&overrideBaseCountry=true,,https://www.audible.com/webplayer?asin=B004F492U6,https://m.media-amazon.com/images/I/419iIwcHfmL._SL500_.jpg,https://www.goodreads.com/search?q=Noam%20Chomsky%20-%20Failed%20States%3A%20A%20Lecture,,,,true
UK,8,No One Left to Lie To: The Triangulations of William Jefferson Clinton,No One Left to Lie To: The Triangulations of William Jefferson Clinton,,,"A New York Times best seller, Christopher Hitchens casts an unflinching eye on the Clinton political machine....","Christopher Hitchens, Douglas Brinkley - foreword",Simon Prebble,,,,,4h 52m,,,,2,,,,,,,,,,,,true,B009ZI08QY,,,,,https://audible.com/pd/B009ZI08QY?ipRedirectOverride=true&overrideBaseCountry=true,,https://www.audible.com/webplayer?asin=B009ZI08QY,https://m.media-amazon.com/images/I/51ZIvOX9HEL._SL500_.jpg,https://www.goodreads.com/search?q=Christopher%20Hitchens%20-%20No%20One%20Left%20to%20Lie%20To%3A%20The%20Triangulations%20of%20William%20Jefferson%20Clinton,,,,true
UK,7,Uncle Tungsten: Memories of a Chemical Boyhood,Uncle Tungsten: Memories of a Chemical Boyhood,,,"In this endlessly charming and eloquent memoir, the author chronicles his love affair with science and the magnificently odd and sometimes harrowing childhood in which that love affair unfolded....",Oliver Sacks,Jonathan Davis,,,,,10h 43m,,,,2,,,,,,,,,,,true,true,B005TKXIVE,,,,,https://audible.com/pd/B005TKXIVE?ipRedirectOverride=true&overrideBaseCountry=true,,https://www.audible.com/webplayer?asin=B005TKXIVE,https://m.media-amazon.com/images/I/51ZTXBIHi4L._SL500_.jpg,https://www.goodreads.com/search?q=Oliver%20Sacks%20-%20Uncle%20Tungsten%3A%20Memories%20of%20a%20Chemical%20Boyhood,,,,true
UK,6,The Language Instinct: How the Mind Creates Language,The Language Instinct: How the Mind Creates Language,,,"In this classic, the world’s expert on language and mind lucidly explains everything you always wanted to know about language....",Steven Pinker,Arthur Morey,,,,,18h 55m,,,,5,,,,,,,,,,,,true,B006IF914M,,,,,https://audible.com/pd/B006IF914M?ipRedirectOverride=true&overrideBaseCountry=true,,https://www.audible.com/webplayer?asin=B006IF914M,https://m.media-amazon.com/images/I/51VKXQ2xRdL._SL500_.jpg,https://www.goodreads.com/search?q=Steven%20Pinker%20-%20The%20Language%20Instinct%3A%20How%20the%20Mind%20Creates%20Language,,,,true
UK,5,The Simpsons and Their Mathematical Secrets,The Simpsons and Their Mathematical Secrets,,,"Simon Singh offers fascinating insights into the celebrated television series The Simpsons, how the show drip-feeds number theory into the minds of its viewers....",Simon Singh,William Neenan,,,,,7h 13m,,,,2,,,,,,,,,,,true,true,B00FZ1LDCI,,,,,https://audible.com/pd/B00FZ1LDCI?ipRedirectOverride=true&overrideBaseCountry=true,,https://www.audible.com/webplayer?asin=B00FZ1LDCI,https://m.media-amazon.com/images/I/51PuAPHFkiL._SL500_.jpg,https://www.goodreads.com/search?q=Simon%20Singh%20-%20The%20Simpsons%20and%20Their%20Mathematical%20Secrets,,,,true
UK,4,Zen and the Art of Motorcycle Maintenance,Zen and the Art of Motorcycle Maintenance,,,One of the great novels of the 1970s and a multi-million copy best-seller....,Robert M. Pirsig,Michael Kramer,,,,,14h 22m,,,,3,,,,,,,,,,,true,true,B00FY50DQM,,,,,https://audible.com/pd/B00FY50DQM?ipRedirectOverride=true&overrideBaseCountry=true,,https://www.audible.com/webplayer?asin=B00FY50DQM,https://m.media-amazon.com/images/I/6109SMXqwrL._SL500_.jpg,https://www.goodreads.com/search?q=Robert%20M.%20Pirsig%20-%20Zen%20and%20the%20Art%20of%20Motorcycle%20Maintenance,,,,true
UK,3,Hitch-22: A Memoir,Hitch-22: A Memoir,,,"In this long-awaited and candid memoir, Hitchens re-traces the footsteps of his life to date....",Christopher Hitchens,Christopher Hitchens,,,,,,Finished,,,5,,,,,,,,,,,,true,B006PFXKX8,,,,,https://audible.com/pd/B006PFXKX8?ipRedirectOverride=true&overrideBaseCountry=true,,https://www.audible.com/webplayer?asin=B006PFXKX8,https://m.media-amazon.com/images/I/51knymnBlLL._SL500_.jpg,https://www.goodreads.com/search?q=Christopher%20Hitchens%20-%20Hitch-22%3A%20A%20Memoir,,,,true
UK,2,How to Win Friends & Influence People,How to Win Friends & Influence People,,,"Updated for today’s readers, Dale Carnegie’s timeless bestseller How to Win Friends and Influence People is a classic that has improved and transformed the professional and personal and lives of millions. One of the best-known motivational guides in history, Dale Carnegie’s groundbreaking...",Dale Carnegie,"Andrew Macmillan, Andrew Macmillian",,,,,,7h 10m left,,,4,,,,,,,,,,,,true,B004EXIYZM,,,,,https://audible.com/pd/B004EXIYZM?ipRedirectOverride=true&overrideBaseCountry=true,,https://www.audible.com/webplayer?asin=B004EXIYZM,https://m.media-amazon.com/images/I/51VX25vAb-L._SL500_.jpg,https://www.goodreads.com/search?q=Dale%20Carnegie%20-%20How%20to%20Win%20Friends%20%26%20Influence%20People,,,,true
UK,1,Letters to a Young Contrarian,Letters to a Young Contrarian,,,"A witty, wise, biting, and completely individual meditation on what it means to think, live, and be to the contrary....",Christopher Hitchens,James Adams,,,,,,3h 34m left,,,,,,,,,,,,,,true,true,B004EV08SU,,,,,https://audible.com/pd/B004EV08SU?ipRedirectOverride=true&overrideBaseCountry=true,,https://www.audible.com/webplayer?asin=B004EV08SU,https://m.media-amazon.com/images/I/412Mkd19cUL._SL500_.jpg,https://www.goodreads.com/search?q=Christopher%20Hitchens%20-%20Letters%20to%20a%20Young%20Contrarian,,,,true
